"date","stop_id","entries","exits","hour"
2025-04-02,1,2116,4537,2
2025-04-02,2,574,5477,5
2025-04-02,3,5481,244,6
2025-04-02,4,4352,4715,12
2025-04-02,5,1884,5726,1
2025-04-02,6,700,1062,2
2025-04-02,7,3477,3172,20
2025-04-02,8,4201,3337,11
2025-04-02,9,5163,2945,11
2025-04-02,10,4911,2021,23
2025-04-02,11,4708,3601,0
2025-04-02,12,5057,3588,0
2025-04-02,13,2621,893,14
2025-04-02,14,343,3680,12
2025-04-02,15,3291,4326,10
2025-04-02,16,3660,4926,14
2025-04-02,17,5121,5897,21
2025-04-02,18,3306,1470,20
2025-04-02,19,5004,1285,21
2025-04-02,20,1684,4624,8
2025-04-02,21,1118,4139,0
2025-04-02,22,2158,1156,14
2025-04-02,23,483,467,16
2025-04-02,24,2752,570,5
2025-04-02,25,2646,550,0
2025-04-02,26,4149,3524,14
2025-04-02,27,3837,838,10
2025-04-02,28,5741,3876,10
2025-04-02,29,4282,1545,18
2025-04-02,30,2516,3438,11
2025-04-02,31,1966,4587,7
2025-04-02,32,5459,1104,21
2025-04-02,33,3123,4769,17
2025-04-02,34,1469,2585,11
2025-04-02,35,5093,1410,17
2025-04-02,36,884,4452,1
2025-04-02,37,5114,730,11
2025-04-02,38,5075,5797,3
2025-04-02,39,4785,175,18
2025-04-02,40,5894,5773,9
2025-04-02,41,2447,3399,22
2025-04-02,42,5049,5717,17
2025-04-02,43,5011,1799,0
2025-04-02,44,4909,4694,22
2025-04-02,45,3957,2886,23
2025-04-02,46,1049,1649,12
2025-04-02,47,1798,4877,9
2025-04-02,48,1912,1325,20
2025-04-02,49,2689,2620,10
2025-04-02,50,2328,2482,9
2025-04-02,51,3725,975,14
2025-04-02,52,4482,1307,19
2025-04-02,53,5400,3254,11
2025-04-02,54,464,3079,14
2025-04-02,55,5336,1996,21
2025-04-02,56,5179,5705,5
2025-04-02,57,5616,2969,23
2025-04-02,58,649,5462,22
2025-04-02,59,4155,2756,11
2025-04-02,60,3031,1267,22
2025-04-02,61,4518,2024,17
2025-04-02,62,4694,5246,14
2025-04-02,63,2961,2087,21
2025-04-02,64,469,1783,20
2025-04-02,65,1758,2136,21
2025-04-02,66,636,1986,13
2025-04-02,67,5778,3870,2
2025-04-02,68,607,2387,2
2025-04-02,69,3762,850,4
2025-04-02,70,4192,705,21
2025-04-02,71,3815,463,8
2025-04-02,72,368,1098,13
2025-04-02,73,1278,5427,3
2025-04-02,74,4553,4744,21
2025-04-02,75,2109,5012,17
2025-04-02,76,4345,1110,5
2025-04-02,77,3191,1328,1
2025-04-02,78,4718,4717,6
2025-04-02,79,1995,5695,18
2025-04-02,80,3636,2794,11
2025-04-02,81,3290,4032,3
2025-04-02,82,524,1393,4
2025-04-02,83,3635,1780,2
2025-04-02,84,204,4488,5
2025-04-02,85,1158,3979,1
2025-04-02,86,5802,5476,20
2025-04-02,87,3349,1515,9
2025-04-02,88,2107,906,13
2025-04-02,89,4917,2261,14
2025-04-02,90,3836,920,2
2025-04-02,91,2314,3908,14
2025-04-02,92,910,3884,6
2025-04-02,93,3489,3377,16
2025-04-02,94,901,5777,2
2025-04-02,95,1479,3542,8
2025-04-02,96,5623,5302,21
2025-04-02,97,151,1501,4
2025-04-02,98,4792,831,18
2025-04-02,99,653,5412,17
2025-04-02,100,501,594,3
2025-04-03,1,3432,3438,6
2025-04-03,2,4734,2829,21
2025-04-03,3,2922,494,3
2025-04-03,4,5302,886,0
2025-04-03,5,1252,810,22
2025-04-03,6,5476,4373,13
2025-04-03,7,5148,2374,14
2025-04-03,8,1085,1704,6
2025-04-03,9,364,1281,11
2025-04-03,10,4640,5768,12
2025-04-03,11,1010,2630,19
2025-04-03,12,1166,381,3
2025-04-03,13,5640,3309,3
2025-04-03,14,5434,1958,22
2025-04-03,15,228,208,4
2025-04-03,16,979,936,19
2025-04-03,17,4989,2282,12
2025-04-03,18,236,4820,1
2025-04-03,19,1774,986,13
2025-04-03,20,2787,859,9
2025-04-03,21,5594,2113,3
2025-04-03,22,5195,1435,18
2025-04-03,23,742,3678,4
2025-04-03,24,4414,2238,16
2025-04-03,25,4363,3524,14
2025-04-03,26,3798,4019,8
2025-04-03,27,4626,866,7
2025-04-03,28,5457,3258,17
2025-04-03,29,1198,4269,9
2025-04-03,30,3166,3288,5
2025-04-03,31,3236,954,9
2025-04-03,32,5338,973,13
2025-04-03,33,3311,5876,22
2025-04-03,34,1006,1941,21
2025-04-03,35,3425,1058,9
2025-04-03,36,5260,2834,16
2025-04-03,37,3575,3085,9
2025-04-03,38,5912,1441,11
2025-04-03,39,3208,1885,20
2025-04-03,40,5637,1308,13
2025-04-03,41,4219,3576,5
2025-04-03,42,5981,3315,0
2025-04-03,43,5297,5522,2
2025-04-03,44,4107,5895,9
2025-04-03,45,4507,4590,21
2025-04-03,46,1290,2716,15
2025-04-03,47,4734,5434,6
2025-04-03,48,484,1848,8
2025-04-03,49,1717,5075,21
2025-04-03,50,4113,2733,15
2025-04-03,51,3191,2241,8
2025-04-03,52,2644,3002,9
2025-04-03,53,5458,1743,11
2025-04-03,54,329,1218,16
2025-04-03,55,2621,1286,15
2025-04-03,56,1225,2923,1
2025-04-03,57,232,694,10
2025-04-03,58,2204,4628,16
2025-04-03,59,702,668,14
2025-04-03,60,5301,446,4
2025-04-03,61,1979,4690,18
2025-04-03,62,3786,676,4
2025-04-03,63,5841,4625,22
2025-04-03,64,5832,1457,7
2025-04-03,65,5755,3407,21
2025-04-03,66,2955,1481,6
2025-04-03,67,3449,4254,15
2025-04-03,68,2561,2875,17
2025-04-03,69,5913,3110,7
2025-04-03,70,2947,273,2
2025-04-03,71,152,953,5
2025-04-03,72,268,5631,0
2025-04-03,73,3021,5031,19
2025-04-03,74,4154,3013,3
2025-04-03,75,4355,444,4
2025-04-03,76,1515,2861,15
2025-04-03,77,1904,2030,20
2025-04-03,78,5618,5736,8
2025-04-03,79,4866,5112,5
2025-04-03,80,381,2068,8
2025-04-03,81,5199,5539,17
2025-04-03,82,3368,4017,17
2025-04-03,83,2611,1584,4
2025-04-03,84,4368,4674,9
2025-04-03,85,650,2809,6
2025-04-03,86,3788,5727,21
2025-04-03,87,4670,4106,13
2025-04-03,88,3857,2867,14
2025-04-03,89,3569,1501,7
2025-04-03,90,787,5452,4
2025-04-03,91,4058,2333,17
2025-04-03,92,3190,1472,23
2025-04-03,93,4123,158,21
2025-04-03,94,1098,5158,21
2025-04-03,95,584,3134,8
2025-04-03,96,3526,2106,16
2025-04-03,97,3712,3765,8
2025-04-03,98,1083,5122,14
2025-04-03,99,3715,1309,21
2025-04-03,100,1544,3739,22
2025-04-04,1,1397,4051,21
2025-04-04,2,2231,3074,23
2025-04-04,3,1844,3633,15
2025-04-04,4,5385,3321,17
2025-04-04,5,1455,5949,21
2025-04-04,6,4908,5470,4
2025-04-04,7,4778,1547,20
2025-04-04,8,2186,728,2
2025-04-04,9,2342,449,10
2025-04-04,10,371,5346,23
2025-04-04,11,536,2989,13
2025-04-04,12,5378,3326,22
2025-04-04,13,750,5135,15
2025-04-04,14,1899,396,0
2025-04-04,15,5770,1521,20
2025-04-04,16,3823,4098,14
2025-04-04,17,4111,4086,19
2025-04-04,18,1273,2641,12
2025-04-04,19,4899,2606,3
2025-04-04,20,5764,3576,19
2025-04-04,21,3451,3126,7
2025-04-04,22,3264,3505,11
2025-04-04,23,5245,2672,20
2025-04-04,24,2259,1559,7
2025-04-04,25,658,3695,20
2025-04-04,26,3689,5639,21
2025-04-04,27,399,1511,17
2025-04-04,28,5212,5407,3
2025-04-04,29,1208,3232,23
2025-04-04,30,268,3899,18
2025-04-04,31,674,3467,9
2025-04-04,32,4330,1427,7
2025-04-04,33,3381,4736,1
2025-04-04,34,4676,4945,14
2025-04-04,35,4061,4617,3
2025-04-04,36,2800,220,19
2025-04-04,37,1985,2242,5
2025-04-04,38,3522,4624,4
2025-04-04,39,3251,3094,2
2025-04-04,40,5216,4575,13
2025-04-04,41,473,5654,18
2025-04-04,42,3858,354,15
2025-04-04,43,2613,5935,12
2025-04-04,44,5350,992,12
2025-04-04,45,2644,168,3
2025-04-04,46,5495,1921,1
2025-04-04,47,3495,221,5
2025-04-04,48,3045,3927,2
2025-04-04,49,2462,901,1
2025-04-04,50,2644,5933,14
2025-04-04,51,980,2521,18
2025-04-04,52,5921,3135,15
2025-04-04,53,2916,1029,1
2025-04-04,54,895,1178,6
2025-04-04,55,5001,3531,4
2025-04-04,56,2604,2240,1
2025-04-04,57,3020,988,17
2025-04-04,58,945,4712,16
2025-04-04,59,1715,1727,4
2025-04-04,60,1369,1054,9
2025-04-04,61,3348,5712,10
2025-04-04,62,5055,3166,18
2025-04-04,63,5798,3946,3
2025-04-04,64,4899,1673,13
2025-04-04,65,1957,4378,5
2025-04-04,66,2843,5684,7
2025-04-04,67,2947,2535,21
2025-04-04,68,2061,5861,15
2025-04-04,69,221,2065,3
2025-04-04,70,1778,674,23
2025-04-04,71,5699,582,20
2025-04-04,72,5793,5349,22
2025-04-04,73,3345,4957,12
2025-04-04,74,909,5286,8
2025-04-04,75,1234,2621,3
2025-04-04,76,3173,2083,10
2025-04-04,77,3466,2043,21
2025-04-04,78,3180,5192,20
2025-04-04,79,1745,2514,18
2025-04-04,80,5237,2121,6
2025-04-04,81,1160,5715,17
2025-04-04,82,1747,391,0
2025-04-04,83,2249,1475,3
2025-04-04,84,458,3501,4
2025-04-04,85,4930,5713,23
2025-04-04,86,4020,2993,22
2025-04-04,87,5816,3367,16
2025-04-04,88,1960,2546,8
2025-04-04,89,3143,4640,9
2025-04-04,90,5068,1261,6
2025-04-04,91,4479,2997,17
2025-04-04,92,3408,5436,19
2025-04-04,93,3096,2812,6
2025-04-04,94,1255,634,5
2025-04-04,95,1353,4603,21
2025-04-04,96,1069,4553,7
2025-04-04,97,4757,4563,2
2025-04-04,98,2478,5580,11
2025-04-04,99,1923,306,4
2025-04-04,100,1630,5422,16
2025-04-05,1,2666,2519,7
2025-04-05,2,4684,2138,22
2025-04-05,3,5542,5619,16
2025-04-05,4,725,1053,14
2025-04-05,5,1888,2936,0
2025-04-05,6,195,1464,22
2025-04-05,7,2581,4554,3
2025-04-05,8,3553,1496,13
2025-04-05,9,4135,2266,0
2025-04-05,10,4836,1316,15
2025-04-05,11,1073,1144,14
2025-04-05,12,2885,1179,4
2025-04-05,13,3972,5099,19
2025-04-05,14,4268,3726,5
2025-04-05,15,3500,2380,21
2025-04-05,16,2189,271,7
2025-04-05,17,581,5491,15
2025-04-05,18,1808,328,15
2025-04-05,19,3359,913,14
2025-04-05,20,4338,5881,6
2025-04-05,21,2846,3650,16
2025-04-05,22,4462,2078,13
2025-04-05,23,5565,5652,8
2025-04-05,24,2992,589,22
2025-04-05,25,3296,621,20
2025-04-05,26,2503,5912,0
2025-04-05,27,3496,4859,21
2025-04-05,28,2657,5622,17
2025-04-05,29,2420,225,6
2025-04-05,30,553,1670,9
2025-04-05,31,2232,4717,14
2025-04-05,32,614,2183,13
2025-04-05,33,5782,2786,22
2025-04-05,34,188,2207,12
2025-04-05,35,1696,4406,23
2025-04-05,36,3090,5834,14
2025-04-05,37,913,1743,14
2025-04-05,38,700,2209,2
2025-04-05,39,3119,5094,8
2025-04-05,40,679,1587,22
2025-04-05,41,1789,5858,9
2025-04-05,42,2868,632,2
2025-04-05,43,3529,3335,5
2025-04-05,44,4792,2638,6
2025-04-05,45,988,5514,23
2025-04-05,46,4873,3703,14
2025-04-05,47,4052,849,10
2025-04-05,48,3031,865,18
2025-04-05,49,3220,4260,15
2025-04-05,50,3031,1242,5
2025-04-05,51,1719,2349,13
2025-04-05,52,5963,191,16
2025-04-05,53,1894,4230,18
2025-04-05,54,3235,2938,4
2025-04-05,55,2904,4965,9
2025-04-05,56,4357,1968,13
2025-04-05,57,2711,627,23
2025-04-05,58,482,861,7
2025-04-05,59,4028,4007,14
2025-04-05,60,892,5043,12
2025-04-05,61,2154,3808,6
2025-04-05,62,1783,2242,10
2025-04-05,63,5087,5449,1
2025-04-05,64,4408,4975,14
2025-04-05,65,910,5739,3
2025-04-05,66,847,4403,13
2025-04-05,67,4855,4329,17
2025-04-05,68,4299,1727,4
2025-04-05,69,1587,4311,17
2025-04-05,70,1955,5731,5
2025-04-05,71,3147,2001,8
2025-04-05,72,4297,1416,16
2025-04-05,73,2996,4794,20
2025-04-05,74,5307,643,23
2025-04-05,75,1165,5182,10
2025-04-05,76,1497,990,1
2025-04-05,77,206,1866,15
2025-04-05,78,2137,5142,7
2025-04-05,79,1527,1573,21
2025-04-05,80,5662,1152,5
2025-04-05,81,5096,4730,4
2025-04-05,82,150,359,20
2025-04-05,83,3309,2836,15
2025-04-05,84,3101,584,19
2025-04-05,85,1282,1797,2
2025-04-05,86,4059,940,15
2025-04-05,87,5544,1981,18
2025-04-05,88,4418,4704,3
2025-04-05,89,1686,5883,6
2025-04-05,90,4357,3749,7
2025-04-05,91,3807,4099,11
2025-04-05,92,543,5564,18
2025-04-05,93,1487,3251,5
2025-04-05,94,5822,2225,13
2025-04-05,95,1841,5190,5
2025-04-05,96,5607,3666,9
2025-04-05,97,985,1633,1
2025-04-05,98,2404,1603,19
2025-04-05,99,3180,2115,22
2025-04-05,100,2881,4346,7
2025-04-06,1,5394,2891,20
2025-04-06,2,1338,2939,20
2025-04-06,3,4048,334,1
2025-04-06,4,4168,4506,22
2025-04-06,5,3468,2926,4
2025-04-06,6,3655,2470,0
2025-04-06,7,1246,1890,12
2025-04-06,8,1118,1499,1
2025-04-06,9,5374,3479,17
2025-04-06,10,4257,5495,0
2025-04-06,11,566,1870,20
2025-04-06,12,809,5122,4
2025-04-06,13,3091,1228,4
2025-04-06,14,3885,3336,13
2025-04-06,15,248,1112,0
2025-04-06,16,2268,225,15
2025-04-06,17,1855,1661,12
2025-04-06,18,5457,4015,21
2025-04-06,19,4424,3935,9
2025-04-06,20,5340,750,8
2025-04-06,21,3670,3162,20
2025-04-06,22,5194,2821,4
2025-04-06,23,550,2926,13
2025-04-06,24,4898,1775,17
2025-04-06,25,1275,940,15
2025-04-06,26,4806,1769,19
2025-04-06,27,2721,4689,17
2025-04-06,28,5262,180,6
2025-04-06,29,2157,2228,7
2025-04-06,30,4775,1237,10
2025-04-06,31,1553,3881,0
2025-04-06,32,4605,1792,16
2025-04-06,33,2588,2957,13
2025-04-06,34,4287,237,8
2025-04-06,35,5929,757,1
2025-04-06,36,1714,4303,1
2025-04-06,37,5068,3989,5
2025-04-06,38,5178,4585,14
2025-04-06,39,3473,4651,18
2025-04-06,40,358,4194,4
2025-04-06,41,2216,5312,16
2025-04-06,42,5189,302,16
2025-04-06,43,4757,5920,17
2025-04-06,44,5779,4095,11
2025-04-06,45,3939,2956,1
2025-04-06,46,1197,3940,5
2025-04-06,47,347,1088,16
2025-04-06,48,4181,3215,12
2025-04-06,49,2897,1907,10
2025-04-06,50,5052,3232,0
2025-04-06,51,1624,5755,15
2025-04-06,52,4447,3011,15
2025-04-06,53,1470,396,6
2025-04-06,54,1337,4818,0
2025-04-06,55,2234,3294,1
2025-04-06,56,2964,1725,20
2025-04-06,57,5376,3676,5
2025-04-06,58,191,1801,15
2025-04-06,59,4042,541,14
2025-04-06,60,888,890,15
2025-04-06,61,5996,5902,3
2025-04-06,62,2409,4688,8
2025-04-06,63,3836,5329,20
2025-04-06,64,802,2651,9
2025-04-06,65,1485,1546,1
2025-04-06,66,5154,2960,7
2025-04-06,67,2574,658,22
2025-04-06,68,1901,1552,0
2025-04-06,69,3589,3877,15
2025-04-06,70,425,4685,17
2025-04-06,71,1847,3372,5
2025-04-06,72,4875,781,2
2025-04-06,73,1900,4810,0
2025-04-06,74,1267,4682,16
2025-04-06,75,3591,2384,9
2025-04-06,76,1064,1107,3
2025-04-06,77,937,4282,3
2025-04-06,78,1064,3906,20
2025-04-06,79,1045,1462,16
2025-04-06,80,886,5171,16
2025-04-06,81,2994,3511,8
2025-04-06,82,3659,302,0
2025-04-06,83,4693,4941,21
2025-04-06,84,897,4943,12
2025-04-06,85,836,1905,7
2025-04-06,86,2078,5149,17
2025-04-06,87,2758,2531,1
2025-04-06,88,1857,5399,22
2025-04-06,89,4948,3669,16
2025-04-06,90,3998,5181,20
2025-04-06,91,5281,4434,9
2025-04-06,92,5925,5492,20
2025-04-06,93,4171,2892,7
2025-04-06,94,1852,3678,19
2025-04-06,95,1258,3212,23
2025-04-06,96,497,5857,3
2025-04-06,97,5621,3059,1
2025-04-06,98,3661,4937,4
2025-04-06,99,5150,618,1
2025-04-06,100,1491,5496,16
2025-04-07,1,2724,3243,20
2025-04-07,2,5524,377,2
2025-04-07,3,3829,5075,2
2025-04-07,4,4266,2035,5
2025-04-07,5,2621,4484,21
2025-04-07,6,2977,5105,14
2025-04-07,7,4860,4185,17
2025-04-07,8,2001,2764,8
2025-04-07,9,3592,4329,12
2025-04-07,10,5826,3749,3
2025-04-07,11,4125,2392,18
2025-04-07,12,4622,4611,22
2025-04-07,13,4791,1731,10
2025-04-07,14,4197,4746,13
2025-04-07,15,2322,4249,13
2025-04-07,16,923,1031,13
2025-04-07,17,5986,4388,10
2025-04-07,18,4406,2800,15
2025-04-07,19,598,2670,18
2025-04-07,20,2592,1261,15
2025-04-07,21,1352,5485,5
2025-04-07,22,1924,5580,8
2025-04-07,23,5504,4985,13
2025-04-07,24,1652,2842,1
2025-04-07,25,813,3691,21
2025-04-07,26,3119,1181,16
2025-04-07,27,652,1768,18
2025-04-07,28,3584,4101,8
2025-04-07,29,4604,4261,8
2025-04-07,30,1498,429,21
2025-04-07,31,5741,1360,4
2025-04-07,32,3481,305,1
2025-04-07,33,2756,491,10
2025-04-07,34,1687,1414,18
2025-04-07,35,4136,5438,4
2025-04-07,36,4804,2986,19
2025-04-07,37,3784,818,11
2025-04-07,38,2782,1574,0
2025-04-07,39,435,3224,8
2025-04-07,40,2262,753,4
2025-04-07,41,4631,1768,4
2025-04-07,42,3892,5705,13
2025-04-07,43,2672,1697,8
2025-04-07,44,2567,697,2
2025-04-07,45,5317,1463,10
2025-04-07,46,3868,317,6
2025-04-07,47,4807,5609,9
2025-04-07,48,2658,3660,14
2025-04-07,49,3241,3540,22
2025-04-07,50,4628,809,4
2025-04-07,51,2491,2283,16
2025-04-07,52,3707,1897,7
2025-04-07,53,5527,4592,6
2025-04-07,54,1446,3097,11
2025-04-07,55,3137,5337,11
2025-04-07,56,2093,3114,2
2025-04-07,57,5691,3770,21
2025-04-07,58,5013,3477,2
2025-04-07,59,1902,1476,18
2025-04-07,60,5907,3196,13
2025-04-07,61,4736,2453,2
2025-04-07,62,2166,3030,19
2025-04-07,63,1142,3304,23
2025-04-07,64,5067,1955,10
2025-04-07,65,5483,1002,16
2025-04-07,66,1451,5788,10
2025-04-07,67,2696,1432,4
2025-04-07,68,3413,1921,2
2025-04-07,69,2698,271,13
2025-04-07,70,1279,1587,15
2025-04-07,71,164,450,23
2025-04-07,72,541,4453,2
2025-04-07,73,757,3303,16
2025-04-07,74,4124,329,2
2025-04-07,75,3141,1291,2
2025-04-07,76,1463,3827,14
2025-04-07,77,4775,4974,17
2025-04-07,78,2417,705,8
2025-04-07,79,2210,2005,8
2025-04-07,80,5499,1132,13
2025-04-07,81,2718,2906,16
2025-04-07,82,2783,2381,7
2025-04-07,83,2034,1116,23
2025-04-07,84,4206,569,6
2025-04-07,85,3391,3900,14
2025-04-07,86,1778,5259,3
2025-04-07,87,5784,1571,22
2025-04-07,88,549,1418,16
2025-04-07,89,2282,5551,22
2025-04-07,90,4755,4809,17
2025-04-07,91,3320,5188,5
2025-04-07,92,3533,2181,3
2025-04-07,93,659,863,23
2025-04-07,94,1804,1827,17
2025-04-07,95,2998,3818,8
2025-04-07,96,520,589,0
2025-04-07,97,2544,2794,18
2025-04-07,98,1169,5502,18
2025-04-07,99,3409,749,21
2025-04-07,100,5413,392,10
2025-04-08,1,4339,980,6
2025-04-08,2,5476,4124,17
2025-04-08,3,3482,4521,11
2025-04-08,4,2929,285,19
2025-04-08,5,2957,5321,4
2025-04-08,6,4769,816,5
2025-04-08,7,1649,1611,4
2025-04-08,8,3740,4628,3
2025-04-08,9,5448,778,4
2025-04-08,10,5917,3658,23
2025-04-08,11,5339,3459,23
2025-04-08,12,2205,5120,9
2025-04-08,13,484,1875,16
2025-04-08,14,557,4486,5
2025-04-08,15,2513,4446,15
2025-04-08,16,2052,1205,17
2025-04-08,17,4003,5252,15
2025-04-08,18,4183,2535,17
2025-04-08,19,3496,3303,13
2025-04-08,20,570,3575,15
2025-04-08,21,3838,3255,20
2025-04-08,22,5335,4387,22
2025-04-08,23,4001,2469,9
2025-04-08,24,5303,5108,15
2025-04-08,25,425,902,0
2025-04-08,26,933,2446,0
2025-04-08,27,5286,2418,5
2025-04-08,28,5626,5315,12
2025-04-08,29,4854,3484,18
2025-04-08,30,4323,5946,8
2025-04-08,31,4088,2912,3
2025-04-08,32,1613,1458,14
2025-04-08,33,5666,2363,23
2025-04-08,34,1583,1797,9
2025-04-08,35,2452,810,9
2025-04-08,36,701,3883,22
2025-04-08,37,4380,2907,17
2025-04-08,38,2375,1359,16
2025-04-08,39,4777,4820,18
2025-04-08,40,330,688,18
2025-04-08,41,2838,5054,2
2025-04-08,42,2769,3103,3
2025-04-08,43,3072,4207,15
2025-04-08,44,5670,1257,13
2025-04-08,45,2215,4439,7
2025-04-08,46,1272,879,8
2025-04-08,47,5979,1266,14
2025-04-08,48,5574,2586,3
2025-04-08,49,1261,5030,11
2025-04-08,50,4134,2925,10
2025-04-08,51,1519,4214,9
2025-04-08,52,4261,2009,12
2025-04-08,53,2458,647,22
2025-04-08,54,3371,449,4
2025-04-08,55,3820,850,5
2025-04-08,56,5643,4009,22
2025-04-08,57,2650,5614,14
2025-04-08,58,5747,181,3
2025-04-08,59,4474,818,16
2025-04-08,60,1062,466,17
2025-04-08,61,1389,554,11
2025-04-08,62,1668,2429,12
2025-04-08,63,5123,4055,20
2025-04-08,64,3922,4726,10
2025-04-08,65,1354,5376,10
2025-04-08,66,1318,3838,16
2025-04-08,67,4970,904,21
2025-04-08,68,4418,2259,7
2025-04-08,69,5475,3070,4
2025-04-08,70,290,2155,4
2025-04-08,71,5915,1313,2
2025-04-08,72,4426,4967,14
2025-04-08,73,5460,5012,20
2025-04-08,74,2236,579,23
2025-04-08,75,2918,2844,0
2025-04-08,76,172,4060,6
2025-04-08,77,3026,3022,22
2025-04-08,78,4338,3141,11
2025-04-08,79,3823,3954,7
2025-04-08,80,3314,975,16
2025-04-08,81,5717,1507,2
2025-04-08,82,985,1202,7
2025-04-08,83,5631,5221,0
2025-04-08,84,4652,4219,6
2025-04-08,85,1107,2570,22
2025-04-08,86,395,5212,11
2025-04-08,87,5503,5282,0
2025-04-08,88,2420,5667,14
2025-04-08,89,2803,1123,10
2025-04-08,90,4973,4714,8
2025-04-08,91,3426,3517,4
2025-04-08,92,3608,5338,4
2025-04-08,93,3166,4826,22
2025-04-08,94,5336,5460,7
2025-04-08,95,4434,3410,15
2025-04-08,96,1680,4727,3
2025-04-08,97,4856,1143,21
2025-04-08,98,4521,3932,10
2025-04-08,99,4364,4153,21
2025-04-08,100,2218,748,16
2025-04-09,1,3982,4408,23
2025-04-09,2,670,2380,12
2025-04-09,3,3540,4902,23
2025-04-09,4,3516,4426,18
2025-04-09,5,3194,4363,8
2025-04-09,6,2881,4840,17
2025-04-09,7,1817,3386,15
2025-04-09,8,4037,4629,21
2025-04-09,9,1835,2952,12
2025-04-09,10,3518,878,9
2025-04-09,11,3882,2251,9
2025-04-09,12,4903,3262,11
2025-04-09,13,3213,1590,12
2025-04-09,14,3746,5602,7
2025-04-09,15,1349,4758,0
2025-04-09,16,574,2990,3
2025-04-09,17,4356,4802,23
2025-04-09,18,3499,4572,11
2025-04-09,19,4306,1805,21
2025-04-09,20,5336,3953,7
2025-04-09,21,2194,3807,23
2025-04-09,22,2162,1826,17
2025-04-09,23,4483,5907,11
2025-04-09,24,4646,727,2
2025-04-09,25,3032,523,23
2025-04-09,26,1347,5413,9
2025-04-09,27,5085,4853,6
2025-04-09,28,5818,3695,4
2025-04-09,29,4403,4571,2
2025-04-09,30,4432,1752,8
2025-04-09,31,652,2453,20
2025-04-09,32,2963,5780,10
2025-04-09,33,1813,585,14
2025-04-09,34,5581,2370,20
2025-04-09,35,5203,3676,1
2025-04-09,36,235,5723,5
2025-04-09,37,4915,4591,5
2025-04-09,38,4940,5079,13
2025-04-09,39,3692,538,23
2025-04-09,40,5542,1669,22
2025-04-09,41,3755,2937,10
2025-04-09,42,1770,1823,5
2025-04-09,43,5386,733,7
2025-04-09,44,4132,3465,9
2025-04-09,45,4352,2438,21
2025-04-09,46,1003,4945,8
2025-04-09,47,2756,3229,11
2025-04-09,48,4857,5715,7
2025-04-09,49,5933,4300,12
2025-04-09,50,3750,1705,5
2025-04-09,51,4597,4535,3
2025-04-09,52,1239,5527,1
2025-04-09,53,5898,2891,4
2025-04-09,54,1578,5107,3
2025-04-09,55,3114,4833,2
2025-04-09,56,311,586,3
2025-04-09,57,5490,3159,23
2025-04-09,58,3732,460,14
2025-04-09,59,2975,4952,19
2025-04-09,60,5884,5542,22
2025-04-09,61,2884,5231,0
2025-04-09,62,3210,2920,5
2025-04-09,63,1581,3615,6
2025-04-09,64,322,4249,12
2025-04-09,65,5721,3251,16
2025-04-09,66,696,600,6
2025-04-09,67,1800,3199,2
2025-04-09,68,5689,5751,5
2025-04-09,69,4423,395,8
2025-04-09,70,4339,3789,14
2025-04-09,71,4199,5505,16
2025-04-09,72,2539,2163,1
2025-04-09,73,5035,818,8
2025-04-09,74,5614,3675,4
2025-04-09,75,5933,4105,18
2025-04-09,76,1964,566,17
2025-04-09,77,2421,2992,4
2025-04-09,78,3333,4768,11
2025-04-09,79,950,828,5
2025-04-09,80,3466,2306,8
2025-04-09,81,1469,4385,2
2025-04-09,82,4478,3586,15
2025-04-09,83,334,3387,0
2025-04-09,84,1723,864,20
2025-04-09,85,5690,1884,8
2025-04-09,86,3276,3695,20
2025-04-09,87,4414,5227,14
2025-04-09,88,223,1427,21
2025-04-09,89,288,1394,23
2025-04-09,90,1519,3794,15
2025-04-09,91,4178,5097,0
2025-04-09,92,5965,2527,18
2025-04-09,93,5000,4944,5
2025-04-09,94,2372,2362,18
2025-04-09,95,772,985,11
2025-04-09,96,5625,205,4
2025-04-09,97,3610,869,20
2025-04-09,98,1583,5099,2
2025-04-09,99,1866,5894,18
2025-04-09,100,4382,417,11
2025-04-10,1,3755,4672,13
2025-04-10,2,418,2739,10
2025-04-10,3,3640,4750,4
2025-04-10,4,2800,3366,11
2025-04-10,5,947,1474,7
2025-04-10,6,4815,5182,2
2025-04-10,7,1802,4486,15
2025-04-10,8,5067,5900,14
2025-04-10,9,2430,3356,10
2025-04-10,10,2561,2894,1
2025-04-10,11,5763,2607,0
2025-04-10,12,3114,2453,11
2025-04-10,13,4786,2301,8
2025-04-10,14,968,5418,21
2025-04-10,15,1387,4773,19
2025-04-10,16,1375,489,17
2025-04-10,17,2932,4953,20
2025-04-10,18,760,5884,6
2025-04-10,19,3179,4586,18
2025-04-10,20,4979,1128,4
2025-04-10,21,509,3246,2
2025-04-10,22,5304,5779,22
2025-04-10,23,718,3494,14
2025-04-10,24,1099,805,20
2025-04-10,25,1009,5532,8
2025-04-10,26,4451,2486,7
2025-04-10,27,250,3139,14
2025-04-10,28,2514,1211,21
2025-04-10,29,3339,5778,3
2025-04-10,30,454,2164,7
2025-04-10,31,5740,3793,11
2025-04-10,32,2527,671,8
2025-04-10,33,5623,2016,6
2025-04-10,34,5783,674,18
2025-04-10,35,4713,1817,13
2025-04-10,36,4677,1971,22
2025-04-10,37,2094,3964,1
2025-04-10,38,2193,2667,7
2025-04-10,39,2908,1826,15
2025-04-10,40,1481,5882,13
2025-04-10,41,362,772,15
2025-04-10,42,2996,5529,16
2025-04-10,43,5372,3605,22
2025-04-10,44,4379,3355,18
2025-04-10,45,1648,1795,3
2025-04-10,46,5963,3230,14
2025-04-10,47,4252,3958,19
2025-04-10,48,2462,4820,2
2025-04-10,49,4450,3861,3
2025-04-10,50,5097,496,11
2025-04-10,51,3517,5228,15
2025-04-10,52,4461,1265,11
2025-04-10,53,1610,4593,18
2025-04-10,54,1580,5654,8
2025-04-10,55,3338,2776,2
2025-04-10,56,5280,5655,5
2025-04-10,57,3218,3478,13
2025-04-10,58,4468,5181,13
2025-04-10,59,3377,2792,19
2025-04-10,60,1823,965,15
2025-04-10,61,2426,2340,12
2025-04-10,62,4337,5293,22
2025-04-10,63,3420,5968,8
2025-04-10,64,4341,1997,15
2025-04-10,65,1497,3295,2
2025-04-10,66,4677,1605,5
2025-04-10,67,5199,5732,6
2025-04-10,68,3182,4003,20
2025-04-10,69,1642,3195,7
2025-04-10,70,3464,2326,9
2025-04-10,71,4472,4142,21
2025-04-10,72,4766,284,13
2025-04-10,73,3535,5390,23
2025-04-10,74,3619,933,11
2025-04-10,75,3691,2544,11
2025-04-10,76,5704,2137,1
2025-04-10,77,4345,1437,4
2025-04-10,78,857,5789,18
2025-04-10,79,176,2297,13
2025-04-10,80,2046,3515,21
2025-04-10,81,2542,4189,12
2025-04-10,82,2565,5522,18
2025-04-10,83,5922,5648,13
2025-04-10,84,535,2678,9
2025-04-10,85,1189,5934,22
2025-04-10,86,4887,2519,2
2025-04-10,87,3728,5250,3
2025-04-10,88,2385,4807,0
2025-04-10,89,3188,4142,19
2025-04-10,90,3847,3450,19
2025-04-10,91,3153,5465,11
2025-04-10,92,4561,5132,23
2025-04-10,93,1274,3142,15
2025-04-10,94,4967,4396,8
2025-04-10,95,1968,1595,3
2025-04-10,96,3296,2826,10
2025-04-10,97,4089,5369,1
2025-04-10,98,5187,4466,6
2025-04-10,99,4870,5473,1
2025-04-10,100,906,289,5
2025-04-11,1,4784,3255,17
2025-04-11,2,5275,3018,4
2025-04-11,3,5270,2735,19
2025-04-11,4,5550,4327,9
2025-04-11,5,1327,3094,14
2025-04-11,6,3830,4164,22
2025-04-11,7,5063,1931,22
2025-04-11,8,483,4806,21
2025-04-11,9,422,5659,19
2025-04-11,10,3514,4065,15
2025-04-11,11,1722,5581,21
2025-04-11,12,408,5445,16
2025-04-11,13,3555,5947,10
2025-04-11,14,3095,5234,10
2025-04-11,15,2510,2972,9
2025-04-11,16,5062,2775,1
2025-04-11,17,5707,2294,3
2025-04-11,18,4909,2522,12
2025-04-11,19,1182,517,9
2025-04-11,20,1158,183,0
2025-04-11,21,3276,5597,0
2025-04-11,22,1598,4213,0
2025-04-11,23,1945,2546,5
2025-04-11,24,3498,1952,7
2025-04-11,25,1374,2251,17
2025-04-11,26,1370,3210,16
2025-04-11,27,1903,592,17
2025-04-11,28,5385,4905,6
2025-04-11,29,1234,502,11
2025-04-11,30,3257,5776,19
2025-04-11,31,531,982,3
2025-04-11,32,3774,544,1
2025-04-11,33,1366,1605,7
2025-04-11,34,2852,4474,12
2025-04-11,35,741,2507,1
2025-04-11,36,449,1959,11
2025-04-11,37,5342,5723,1
2025-04-11,38,3636,1047,21
2025-04-11,39,2422,4725,19
2025-04-11,40,5753,4572,3
2025-04-11,41,2196,405,20
2025-04-11,42,3305,2839,22
2025-04-11,43,4322,4767,13
2025-04-11,44,1811,5049,14
2025-04-11,45,1991,2116,23
2025-04-11,46,1712,254,2
2025-04-11,47,1444,2700,4
2025-04-11,48,1889,2019,8
2025-04-11,49,3125,4758,19
2025-04-11,50,3435,646,16
2025-04-11,51,3446,2631,13
2025-04-11,52,3623,1658,19
2025-04-11,53,4395,855,12
2025-04-11,54,5972,4599,20
2025-04-11,55,2909,2918,15
2025-04-11,56,2321,5476,0
2025-04-11,57,5109,317,4
2025-04-11,58,1230,1571,23
2025-04-11,59,5188,5981,0
2025-04-11,60,2195,634,15
2025-04-11,61,5921,5943,15
2025-04-11,62,3737,652,1
2025-04-11,63,1611,2602,2
2025-04-11,64,3303,4305,12
2025-04-11,65,3954,4051,8
2025-04-11,66,353,5803,11
2025-04-11,67,4732,3336,14
2025-04-11,68,164,5140,10
2025-04-11,69,5081,2379,16
2025-04-11,70,488,1593,1
2025-04-11,71,5650,3018,5
2025-04-11,72,3823,3250,3
2025-04-11,73,1503,4631,11
2025-04-11,74,3010,2043,11
2025-04-11,75,3092,4715,9
2025-04-11,76,4913,5433,4
2025-04-11,77,4118,2964,11
2025-04-11,78,1680,5339,15
2025-04-11,79,3926,5337,13
2025-04-11,80,4243,4028,21
2025-04-11,81,620,5335,8
2025-04-11,82,1945,502,21
2025-04-11,83,5414,710,13
2025-04-11,84,1318,2190,8
2025-04-11,85,1297,4649,23
2025-04-11,86,3731,2193,14
2025-04-11,87,5750,3688,6
2025-04-11,88,3570,2788,8
2025-04-11,89,2169,3186,2
2025-04-11,90,5887,3410,3
2025-04-11,91,4658,1881,10
2025-04-11,92,2400,2465,19
2025-04-11,93,915,4043,13
2025-04-11,94,4294,5234,7
2025-04-11,95,3237,4839,13
2025-04-11,96,3608,526,0
2025-04-11,97,2921,2276,14
2025-04-11,98,1687,1589,0
2025-04-11,99,1972,1489,10
2025-04-11,100,2775,3207,19
2025-04-12,1,5998,1248,10
2025-04-12,2,1167,3150,8
2025-04-12,3,535,2274,14
2025-04-12,4,5061,1448,10
2025-04-12,5,5869,4399,7
2025-04-12,6,829,3976,17
2025-04-12,7,3855,5584,19
2025-04-12,8,5774,2606,4
2025-04-12,9,4372,5288,0
2025-04-12,10,2456,2083,7
2025-04-12,11,3576,1925,2
2025-04-12,12,1722,3133,3
2025-04-12,13,1010,4831,22
2025-04-12,14,5328,1169,6
2025-04-12,15,2054,3486,3
2025-04-12,16,3801,1574,17
2025-04-12,17,854,172,22
2025-04-12,18,566,1638,17
2025-04-12,19,2221,1878,17
2025-04-12,20,1077,2855,9
2025-04-12,21,1446,4602,15
2025-04-12,22,3465,1974,5
2025-04-12,23,487,4168,3
2025-04-12,24,1644,3523,18
2025-04-12,25,2670,3274,1
2025-04-12,26,2978,3971,12
2025-04-12,27,5976,2061,20
2025-04-12,28,1153,4813,21
2025-04-12,29,3594,537,12
2025-04-12,30,315,5369,1
2025-04-12,31,4134,3554,17
2025-04-12,32,413,5203,17
2025-04-12,33,5164,5736,0
2025-04-12,34,3768,3013,20
2025-04-12,35,4887,3167,13
2025-04-12,36,4544,4166,21
2025-04-12,37,2467,1023,21
2025-04-12,38,3827,1072,19
2025-04-12,39,3508,5541,19
2025-04-12,40,414,2096,10
2025-04-12,41,5927,4219,22
2025-04-12,42,2084,5755,11
2025-04-12,43,1215,5688,1
2025-04-12,44,3231,850,10
2025-04-12,45,2498,3878,12
2025-04-12,46,2548,1911,1
2025-04-12,47,562,458,18
2025-04-12,48,4245,4533,10
2025-04-12,49,4244,3897,5
2025-04-12,50,5935,1677,20
2025-04-12,51,5851,5623,20
2025-04-12,52,3009,1070,2
2025-04-12,53,768,2391,15
2025-04-12,54,4634,200,15
2025-04-12,55,5150,5803,13
2025-04-12,56,5343,2593,7
2025-04-12,57,861,1331,9
2025-04-12,58,4950,977,14
2025-04-12,59,4401,4942,23
2025-04-12,60,299,1797,23
2025-04-12,61,4465,2388,15
2025-04-12,62,192,546,1
2025-04-12,63,4888,1011,20
2025-04-12,64,329,5716,0
2025-04-12,65,1767,4444,10
2025-04-12,66,5464,1715,0
2025-04-12,67,4922,5666,4
2025-04-12,68,4742,1775,1
2025-04-12,69,2779,966,1
2025-04-12,70,1674,4384,9
2025-04-12,71,5363,2108,19
2025-04-12,72,1233,1005,19
2025-04-12,73,4428,5609,1
2025-04-12,74,4532,5253,1
2025-04-12,75,3152,981,21
2025-04-12,76,3476,1738,3
2025-04-12,77,2566,5729,1
2025-04-12,78,3052,3029,17
2025-04-12,79,5780,1449,5
2025-04-12,80,5674,4801,4
2025-04-12,81,4198,3526,22
2025-04-12,82,4513,4512,14
2025-04-12,83,2126,5880,15
2025-04-12,84,5337,308,15
2025-04-12,85,3797,3450,11
2025-04-12,86,3174,906,5
2025-04-12,87,3019,3717,7
2025-04-12,88,1245,855,2
2025-04-12,89,5386,4427,23
2025-04-12,90,2333,3337,10
2025-04-12,91,5729,4305,10
2025-04-12,92,1603,5100,9
2025-04-12,93,5066,4550,15
2025-04-12,94,2556,3609,1
2025-04-12,95,5700,1001,10
2025-04-12,96,2573,3820,14
2025-04-12,97,3290,993,13
2025-04-12,98,481,231,0
2025-04-12,99,3045,3368,11
2025-04-12,100,3287,2536,13
2025-04-13,1,1950,1315,16
2025-04-13,2,2192,1369,14
2025-04-13,3,1898,1901,23
2025-04-13,4,3512,2814,2
2025-04-13,5,1732,3555,8
2025-04-13,6,1582,2084,15
2025-04-13,7,5254,4142,7
2025-04-13,8,514,2550,8
2025-04-13,9,1923,1627,22
2025-04-13,10,4053,5132,7
2025-04-13,11,2284,4535,21
2025-04-13,12,2326,4612,14
2025-04-13,13,5043,892,5
2025-04-13,14,806,3127,18
2025-04-13,15,3926,3642,7
2025-04-13,16,1267,1556,1
2025-04-13,17,882,1502,13
2025-04-13,18,4802,5197,23
2025-04-13,19,4674,1948,4
2025-04-13,20,1066,4444,19
2025-04-13,21,4658,2009,15
2025-04-13,22,2776,5843,7
2025-04-13,23,4002,3940,4
2025-04-13,24,1777,690,15
2025-04-13,25,3061,684,7
2025-04-13,26,5647,4612,8
2025-04-13,27,5948,3462,13
2025-04-13,28,1068,4192,0
2025-04-13,29,4216,2421,21
2025-04-13,30,3815,2738,14
2025-04-13,31,2917,4906,1
2025-04-13,32,5800,1028,10
2025-04-13,33,1970,3208,16
2025-04-13,34,801,3081,5
2025-04-13,35,5603,1305,14
2025-04-13,36,1978,5428,1
2025-04-13,37,3961,4409,16
2025-04-13,38,546,3853,14
2025-04-13,39,3387,5003,13
2025-04-13,40,4438,4450,21
2025-04-13,41,3193,512,10
2025-04-13,42,4807,2769,10
2025-04-13,43,3441,5235,2
2025-04-13,44,1811,1504,16
2025-04-13,45,4300,3384,17
2025-04-13,46,3381,3356,14
2025-04-13,47,2153,4179,14
2025-04-13,48,4579,2965,3
2025-04-13,49,2824,4276,23
2025-04-13,50,4973,1979,4
2025-04-13,51,4674,1164,14
2025-04-13,52,4545,2539,19
2025-04-13,53,3394,1866,4
2025-04-13,54,4794,3718,1
2025-04-13,55,5763,2799,13
2025-04-13,56,3319,5669,22
2025-04-13,57,5930,3711,3
2025-04-13,58,4168,3353,5
2025-04-13,59,3044,5364,16
2025-04-13,60,4701,1854,14
2025-04-13,61,4221,810,15
2025-04-13,62,1284,455,16
2025-04-13,63,4932,1439,20
2025-04-13,64,1269,1896,13
2025-04-13,65,4334,1167,14
2025-04-13,66,2502,2624,21
2025-04-13,67,4693,3356,6
2025-04-13,68,4057,4354,18
2025-04-13,69,5357,4397,9
2025-04-13,70,3591,2734,15
2025-04-13,71,4502,558,13
2025-04-13,72,3272,3090,19
2025-04-13,73,344,4702,2
2025-04-13,74,4372,2579,12
2025-04-13,75,650,3042,15
2025-04-13,76,4345,5452,9
2025-04-13,77,963,1892,9
2025-04-13,78,1259,3129,10
2025-04-13,79,272,4910,22
2025-04-13,80,1655,3166,16
2025-04-13,81,4488,1919,10
2025-04-13,82,5798,1553,17
2025-04-13,83,409,5679,16
2025-04-13,84,3024,3771,11
2025-04-13,85,769,5312,15
2025-04-13,86,5368,4656,12
2025-04-13,87,3993,5750,18
2025-04-13,88,1919,2053,10
2025-04-13,89,1354,4287,5
2025-04-13,90,1672,2759,8
2025-04-13,91,1893,2712,22
2025-04-13,92,4139,4794,17
2025-04-13,93,5229,921,23
2025-04-13,94,953,4855,12
2025-04-13,95,1300,1117,2
2025-04-13,96,620,736,16
2025-04-13,97,5820,5886,8
2025-04-13,98,1134,3805,17
2025-04-13,99,419,1877,14
2025-04-13,100,2842,2538,14
2025-04-14,1,468,3659,10
2025-04-14,2,953,2975,23
2025-04-14,3,301,688,22
2025-04-14,4,5161,4565,4
2025-04-14,5,2646,2810,8
2025-04-14,6,5903,2301,2
2025-04-14,7,3628,4276,9
2025-04-14,8,3903,922,20
2025-04-14,9,419,2039,4
2025-04-14,10,315,4277,12
2025-04-14,11,2147,5355,7
2025-04-14,12,1176,1358,9
2025-04-14,13,4919,4066,6
2025-04-14,14,4784,2762,18
2025-04-14,15,2549,5063,12
2025-04-14,16,1814,2132,4
2025-04-14,17,1698,4620,11
2025-04-14,18,1438,2024,1
2025-04-14,19,3267,1966,22
2025-04-14,20,3683,5149,11
2025-04-14,21,4908,248,2
2025-04-14,22,2907,179,6
2025-04-14,23,358,2772,15
2025-04-14,24,1740,4996,20
2025-04-14,25,493,1134,0
2025-04-14,26,1541,4683,3
2025-04-14,27,1429,3811,6
2025-04-14,28,2459,1462,14
2025-04-14,29,5634,2042,5
2025-04-14,30,5882,4053,5
2025-04-14,31,5913,1692,7
2025-04-14,32,1569,3585,5
2025-04-14,33,5396,2846,18
2025-04-14,34,624,3453,8
2025-04-14,35,2337,4075,19
2025-04-14,36,2485,2090,11
2025-04-14,37,1658,5974,20
2025-04-14,38,2828,157,16
2025-04-14,39,5911,1805,5
2025-04-14,40,902,3741,18
2025-04-14,41,2292,3119,16
2025-04-14,42,2153,1347,4
2025-04-14,43,2408,5268,13
2025-04-14,44,1191,5737,21
2025-04-14,45,3126,688,19
2025-04-14,46,2139,5882,19
2025-04-14,47,4424,5554,2
2025-04-14,48,5901,3335,16
2025-04-14,49,5170,265,12
2025-04-14,50,382,2811,9
2025-04-14,51,3709,903,9
2025-04-14,52,5222,3197,1
2025-04-14,53,5847,5966,14
2025-04-14,54,211,3104,1
2025-04-14,55,3574,2781,19
2025-04-14,56,1246,4109,10
2025-04-14,57,3569,569,14
2025-04-14,58,5621,2885,17
2025-04-14,59,692,2273,7
2025-04-14,60,1930,761,13
2025-04-14,61,5662,2471,4
2025-04-14,62,3510,5282,15
2025-04-14,63,302,4045,18
2025-04-14,64,3326,3180,20
2025-04-14,65,2455,2589,11
2025-04-14,66,3690,5712,7
2025-04-14,67,3550,2969,3
2025-04-14,68,162,4115,4
2025-04-14,69,4006,303,4
2025-04-14,70,1878,3935,5
2025-04-14,71,784,752,10
2025-04-14,72,2595,4319,23
2025-04-14,73,5382,2424,2
2025-04-14,74,542,1095,8
2025-04-14,75,462,3026,2
2025-04-14,76,3377,3642,6
2025-04-14,77,5650,4110,5
2025-04-14,78,2277,3464,12
2025-04-14,79,2829,3327,22
2025-04-14,80,5481,2413,9
2025-04-14,81,488,1485,12
2025-04-14,82,303,2546,18
2025-04-14,83,5586,262,12
2025-04-14,84,2303,2686,11
2025-04-14,85,1524,232,14
2025-04-14,86,746,187,12
2025-04-14,87,2469,2186,4
2025-04-14,88,5041,4817,17
2025-04-14,89,5610,2034,22
2025-04-14,90,5082,818,19
2025-04-14,91,5692,4260,7
2025-04-14,92,4258,4312,5
2025-04-14,93,1197,4918,3
2025-04-14,94,5232,4671,11
2025-04-14,95,4502,351,20
2025-04-14,96,5690,5659,0
2025-04-14,97,4638,5601,12
2025-04-14,98,3802,3686,4
2025-04-14,99,873,2973,13
2025-04-14,100,2817,3848,15
2025-04-15,1,2049,2827,20
2025-04-15,2,3641,3636,10
2025-04-15,3,1362,3551,20
2025-04-15,4,4097,3975,0
2025-04-15,5,4941,566,10
2025-04-15,6,2325,3618,7
2025-04-15,7,2351,874,20
2025-04-15,8,3022,2506,14
2025-04-15,9,4644,5511,22
2025-04-15,10,5880,2312,3
2025-04-15,11,3159,1307,22
2025-04-15,12,5145,2633,21
2025-04-15,13,4248,5928,23
2025-04-15,14,3760,5475,2
2025-04-15,15,722,3509,11
2025-04-15,16,250,697,17
2025-04-15,17,2190,2511,4
2025-04-15,18,1926,2722,1
2025-04-15,19,1866,1097,12
2025-04-15,20,4733,1525,15
2025-04-15,21,890,4166,7
2025-04-15,22,2588,589,3
2025-04-15,23,2983,4141,11
2025-04-15,24,956,2201,13
2025-04-15,25,1744,2146,21
2025-04-15,26,5115,5202,14
2025-04-15,27,2842,3144,0
2025-04-15,28,4298,921,4
2025-04-15,29,5260,1871,13
2025-04-15,30,1178,1265,23
2025-04-15,31,3481,5990,23
2025-04-15,32,387,5862,1
2025-04-15,33,789,5834,13
2025-04-15,34,1518,5400,20
2025-04-15,35,523,5750,11
2025-04-15,36,2508,3134,20
2025-04-15,37,1888,5278,19
2025-04-15,38,5426,641,15
2025-04-15,39,2101,610,16
2025-04-15,40,1568,4796,20
2025-04-15,41,5925,811,1
2025-04-15,42,2693,5778,3
2025-04-15,43,1661,3617,13
2025-04-15,44,2136,210,8
2025-04-15,45,4190,2860,8
2025-04-15,46,2344,5432,14
2025-04-15,47,4381,502,8
2025-04-15,48,2809,505,19
2025-04-15,49,3481,4712,22
2025-04-15,50,5052,3595,14
2025-04-15,51,5693,5546,23
2025-04-15,52,4323,3204,10
2025-04-15,53,5308,5067,16
2025-04-15,54,837,880,11
2025-04-15,55,1941,5165,7
2025-04-15,56,5562,1895,14
2025-04-15,57,5190,4864,20
2025-04-15,58,310,3423,3
2025-04-15,59,921,1280,20
2025-04-15,60,4796,3024,23
2025-04-15,61,4129,330,17
2025-04-15,62,3786,1430,6
2025-04-15,63,4870,3822,9
2025-04-15,64,3393,959,6
2025-04-15,65,1563,2654,0
2025-04-15,66,3141,3859,12
2025-04-15,67,3625,5363,17
2025-04-15,68,550,238,15
2025-04-15,69,4840,2218,14
2025-04-15,70,3130,966,22
2025-04-15,71,3140,5254,11
2025-04-15,72,1073,1540,5
2025-04-15,73,2017,642,11
2025-04-15,74,2645,2391,20
2025-04-15,75,1287,5748,9
2025-04-15,76,4117,5058,3
2025-04-15,77,2489,3095,19
2025-04-15,78,2982,5446,14
2025-04-15,79,5892,5696,15
2025-04-15,80,5305,4621,14
2025-04-15,81,2609,1104,11
2025-04-15,82,1781,2002,0
2025-04-15,83,2038,5181,1
2025-04-15,84,1385,1101,10
2025-04-15,85,4877,2033,5
2025-04-15,86,281,4286,5
2025-04-15,87,4529,2605,16
2025-04-15,88,896,5346,12
2025-04-15,89,178,4688,6
2025-04-15,90,5164,682,10
2025-04-15,91,5398,4848,4
2025-04-15,92,4632,4097,11
2025-04-15,93,664,4978,2
2025-04-15,94,550,2590,21
2025-04-15,95,5737,5935,3
2025-04-15,96,4436,3150,9
2025-04-15,97,3451,2327,20
2025-04-15,98,5904,4498,10
2025-04-15,99,3147,5485,20
2025-04-15,100,1140,1170,22
2025-04-16,1,4227,4861,17
2025-04-16,2,2564,3543,17
2025-04-16,3,2953,1870,18
2025-04-16,4,2804,3529,5
2025-04-16,5,3155,3172,0
2025-04-16,6,3602,3965,4
2025-04-16,7,5726,3621,2
2025-04-16,8,2837,1501,3
2025-04-16,9,2635,5605,6
2025-04-16,10,187,4755,3
2025-04-16,11,2379,2105,12
2025-04-16,12,2952,1000,17
2025-04-16,13,1990,3297,9
2025-04-16,14,2600,1602,14
2025-04-16,15,2441,5841,13
2025-04-16,16,5086,4881,18
2025-04-16,17,4577,3581,18
2025-04-16,18,4936,4021,23
2025-04-16,19,257,3136,3
2025-04-16,20,921,4082,14
2025-04-16,21,2451,5237,17
2025-04-16,22,2603,737,14
2025-04-16,23,2796,3320,17
2025-04-16,24,321,4321,1
2025-04-16,25,1115,3397,9
2025-04-16,26,5312,4199,4
2025-04-16,27,411,1152,0
2025-04-16,28,4976,5327,5
2025-04-16,29,2433,724,0
2025-04-16,30,998,3768,20
2025-04-16,31,1706,789,1
2025-04-16,32,2161,3992,16
2025-04-16,33,1881,1910,23
2025-04-16,34,1059,2647,20
2025-04-16,35,4852,2948,4
2025-04-16,36,1524,516,3
2025-04-16,37,2571,3343,22
2025-04-16,38,1482,3700,12
2025-04-16,39,2781,704,13
2025-04-16,40,2751,811,0
2025-04-16,41,282,2753,7
2025-04-16,42,4327,4082,9
2025-04-16,43,5870,5262,22
2025-04-16,44,1784,3401,4
2025-04-16,45,4060,1667,12
2025-04-16,46,4490,4883,23
2025-04-16,47,4184,4046,16
2025-04-16,48,4337,3249,19
2025-04-16,49,2152,1225,2
2025-04-16,50,3961,4887,9
2025-04-16,51,4894,4250,3
2025-04-16,52,3439,2023,6
2025-04-16,53,3539,2932,4
2025-04-16,54,1349,2223,3
2025-04-16,55,3690,1388,18
2025-04-16,56,405,2489,0
2025-04-16,57,4875,2211,18
2025-04-16,58,5947,1020,8
2025-04-16,59,3430,5456,18
2025-04-16,60,5454,314,10
2025-04-16,61,1136,4195,10
2025-04-16,62,1547,854,13
2025-04-16,63,2691,457,1
2025-04-16,64,3719,4842,9
2025-04-16,65,1511,1927,9
2025-04-16,66,1142,5133,7
2025-04-16,67,2179,182,17
2025-04-16,68,657,4330,0
2025-04-16,69,3658,4550,3
2025-04-16,70,765,3126,22
2025-04-16,71,5366,3795,6
2025-04-16,72,5014,5566,15
2025-04-16,73,659,4714,13
2025-04-16,74,1401,2943,20
2025-04-16,75,1222,449,16
2025-04-16,76,2818,204,2
2025-04-16,77,5942,2753,16
2025-04-16,78,2840,5205,15
2025-04-16,79,5297,5088,15
2025-04-16,80,789,1547,16
2025-04-16,81,3172,3866,4
2025-04-16,82,5862,1119,12
2025-04-16,83,4055,362,2
2025-04-16,84,2641,5182,14
2025-04-16,85,2039,1125,10
2025-04-16,86,1889,1092,7
2025-04-16,87,3857,4948,11
2025-04-16,88,3270,3770,8
2025-04-16,89,3802,1536,3
2025-04-16,90,4225,847,23
2025-04-16,91,2333,3959,18
2025-04-16,92,1286,5842,15
2025-04-16,93,4625,586,21
2025-04-16,94,3294,1430,9
2025-04-16,95,358,2087,3
2025-04-16,96,5660,5810,23
2025-04-16,97,4815,841,15
2025-04-16,98,5324,858,9
2025-04-16,99,2316,2017,12
2025-04-16,100,5380,3702,18
2025-04-17,1,956,1785,7
2025-04-17,2,758,5967,11
2025-04-17,3,485,3766,10
2025-04-17,4,296,3868,16
2025-04-17,5,3809,2417,11
2025-04-17,6,2170,5000,14
2025-04-17,7,2561,5646,22
2025-04-17,8,1501,5859,19
2025-04-17,9,3250,4520,13
2025-04-17,10,4339,4370,10
2025-04-17,11,2503,2910,22
2025-04-17,12,430,285,11
2025-04-17,13,2954,1112,22
2025-04-17,14,3964,733,0
2025-04-17,15,4207,4947,4
2025-04-17,16,3647,2454,7
2025-04-17,17,3641,1705,0
2025-04-17,18,2549,3727,17
2025-04-17,19,2251,4858,5
2025-04-17,20,1523,1420,0
2025-04-17,21,1363,4285,19
2025-04-17,22,4345,3894,15
2025-04-17,23,1223,5202,8
2025-04-17,24,3233,920,5
2025-04-17,25,484,1778,4
2025-04-17,26,4994,2825,20
2025-04-17,27,1415,2022,16
2025-04-17,28,1618,942,8
2025-04-17,29,4003,3362,21
2025-04-17,30,3936,2869,20
2025-04-17,31,2172,1531,8
2025-04-17,32,2732,5632,13
2025-04-17,33,5508,1828,1
2025-04-17,34,5600,4146,22
2025-04-17,35,2306,3491,13
2025-04-17,36,1112,5698,11
2025-04-17,37,4052,3490,3
2025-04-17,38,2799,5532,9
2025-04-17,39,5549,327,16
2025-04-17,40,671,2170,5
2025-04-17,41,5050,2900,4
2025-04-17,42,2206,4675,5
2025-04-17,43,2203,4628,9
2025-04-17,44,5029,4410,9
2025-04-17,45,4336,583,5
2025-04-17,46,4722,377,22
2025-04-17,47,1963,3293,20
2025-04-17,48,3325,3702,5
2025-04-17,49,5732,2678,9
2025-04-17,50,3977,1526,15
2025-04-17,51,819,606,16
2025-04-17,52,3660,5252,10
2025-04-17,53,5799,3652,12
2025-04-17,54,2363,1622,15
2025-04-17,55,5030,791,22
2025-04-17,56,555,4230,17
2025-04-17,57,3265,4187,19
2025-04-17,58,1660,1575,9
2025-04-17,59,1027,5071,12
2025-04-17,60,1339,5839,5
2025-04-17,61,5957,1392,1
2025-04-17,62,4121,3551,16
2025-04-17,63,5476,3529,15
2025-04-17,64,2924,5593,9
2025-04-17,65,5838,2108,17
2025-04-17,66,2500,622,22
2025-04-17,67,726,3381,8
2025-04-17,68,2734,2200,8
2025-04-17,69,4143,4721,20
2025-04-17,70,703,2821,18
2025-04-17,71,3204,1524,4
2025-04-17,72,5446,1899,19
2025-04-17,73,1156,4971,12
2025-04-17,74,532,3003,9
2025-04-17,75,1775,1044,5
2025-04-17,76,4918,3343,15
2025-04-17,77,3386,1170,13
2025-04-17,78,2569,896,10
2025-04-17,79,1302,4385,1
2025-04-17,80,1054,279,21
2025-04-17,81,4831,3502,17
2025-04-17,82,5756,3563,5
2025-04-17,83,3182,4356,0
2025-04-17,84,1451,3003,5
2025-04-17,85,1164,2957,2
2025-04-17,86,3427,4191,5
2025-04-17,87,4098,705,14
2025-04-17,88,1020,4449,4
2025-04-17,89,5660,3530,15
2025-04-17,90,5217,5035,5
2025-04-17,91,1096,3847,1
2025-04-17,92,2805,5219,7
2025-04-17,93,2191,3625,15
2025-04-17,94,4261,2936,19
2025-04-17,95,5989,1244,18
2025-04-17,96,4126,354,19
2025-04-17,97,2098,3488,6
2025-04-17,98,2849,3973,8
2025-04-17,99,1147,3426,16
2025-04-17,100,5433,5102,11
2025-04-18,1,1933,5407,11
2025-04-18,2,3250,2250,7
2025-04-18,3,5674,2804,15
2025-04-18,4,3014,3009,17
2025-04-18,5,5097,1825,15
2025-04-18,6,3719,2498,14
2025-04-18,7,800,454,18
2025-04-18,8,5114,1235,11
2025-04-18,9,5548,3499,1
2025-04-18,10,252,2926,16
2025-04-18,11,3054,329,17
2025-04-18,12,4128,2114,17
2025-04-18,13,4778,4713,2
2025-04-18,14,1754,5880,3
2025-04-18,15,3056,3285,7
2025-04-18,16,5237,4067,8
2025-04-18,17,5939,5521,11
2025-04-18,18,580,4380,17
2025-04-18,19,1515,3960,8
2025-04-18,20,2789,3587,12
2025-04-18,21,2593,3333,0
2025-04-18,22,4404,2059,13
2025-04-18,23,3837,3023,10
2025-04-18,24,5110,4968,8
2025-04-18,25,428,1664,14
2025-04-18,26,2405,946,7
2025-04-18,27,2639,3487,6
2025-04-18,28,5519,1167,7
2025-04-18,29,1993,5347,13
2025-04-18,30,694,5540,15
2025-04-18,31,3961,426,6
2025-04-18,32,3064,4351,14
2025-04-18,33,5545,1486,21
2025-04-18,34,1358,2565,8
2025-04-18,35,3655,3881,7
2025-04-18,36,2863,3520,16
2025-04-18,37,2060,2317,21
2025-04-18,38,5782,1879,19
2025-04-18,39,5002,2812,10
2025-04-18,40,5091,1647,23
2025-04-18,41,3846,3477,14
2025-04-18,42,4999,3104,22
2025-04-18,43,5352,5015,5
2025-04-18,44,5804,2907,11
2025-04-18,45,5574,5714,12
2025-04-18,46,5126,5849,1
2025-04-18,47,5680,1056,17
2025-04-18,48,3775,4172,5
2025-04-18,49,4737,406,23
2025-04-18,50,377,4892,3
2025-04-18,51,2736,4304,1
2025-04-18,52,1110,3163,22
2025-04-18,53,545,2093,15
2025-04-18,54,4560,587,14
2025-04-18,55,2735,5706,18
2025-04-18,56,5106,4895,7
2025-04-18,57,3584,3199,10
2025-04-18,58,5552,166,15
2025-04-18,59,5734,5224,12
2025-04-18,60,5065,4715,11
2025-04-18,61,2788,393,15
2025-04-18,62,4500,1477,8
2025-04-18,63,4507,3763,3
2025-04-18,64,3662,5965,2
2025-04-18,65,1049,4708,22
2025-04-18,66,5902,3543,22
2025-04-18,67,2964,1180,18
2025-04-18,68,180,1742,14
2025-04-18,69,5338,4381,0
2025-04-18,70,3671,847,4
2025-04-18,71,3759,1339,19
2025-04-18,72,1835,419,18
2025-04-18,73,3014,3504,15
2025-04-18,74,1014,5706,17
2025-04-18,75,4191,1382,7
2025-04-18,76,2553,3845,0
2025-04-18,77,2828,5562,3
2025-04-18,78,3727,4656,19
2025-04-18,79,3020,2961,0
2025-04-18,80,2219,3337,6
2025-04-18,81,2057,2866,12
2025-04-18,82,1258,5315,15
2025-04-18,83,2494,586,21
2025-04-18,84,182,4032,9
2025-04-18,85,554,494,8
2025-04-18,86,1401,5524,8
2025-04-18,87,2317,5223,12
2025-04-18,88,4063,1390,0
2025-04-18,89,4627,5139,20
2025-04-18,90,2930,5472,1
2025-04-18,91,2615,3174,10
2025-04-18,92,4891,4188,8
2025-04-18,93,5513,2642,10
2025-04-18,94,3460,5300,3
2025-04-18,95,230,199,1
2025-04-18,96,1537,3648,9
2025-04-18,97,3461,3024,4
2025-04-18,98,5322,5942,18
2025-04-18,99,5859,5069,13
2025-04-18,100,828,2940,22
2025-04-19,1,467,4297,20
2025-04-19,2,1733,1971,4
2025-04-19,3,1333,3794,2
2025-04-19,4,5683,3864,1
2025-04-19,5,164,3627,13
2025-04-19,6,3978,5930,13
2025-04-19,7,3188,3438,6
2025-04-19,8,655,1978,5
2025-04-19,9,5292,1616,23
2025-04-19,10,5042,5080,22
2025-04-19,11,2803,1631,16
2025-04-19,12,5687,3778,0
2025-04-19,13,1563,2339,3
2025-04-19,14,4415,1917,16
2025-04-19,15,3240,177,12
2025-04-19,16,2999,3984,9
2025-04-19,17,5283,409,22
2025-04-19,18,3738,4922,13
2025-04-19,19,998,3271,11
2025-04-19,20,3428,480,0
2025-04-19,21,2169,2149,23
2025-04-19,22,1833,4365,16
2025-04-19,23,5618,4981,13
2025-04-19,24,4507,2765,18
2025-04-19,25,5969,5880,14
2025-04-19,26,1528,5838,10
2025-04-19,27,3827,5159,22
2025-04-19,28,645,3104,14
2025-04-19,29,1312,3079,6
2025-04-19,30,1795,4501,16
2025-04-19,31,1589,3055,8
2025-04-19,32,5333,3046,12
2025-04-19,33,3612,1491,15
2025-04-19,34,5365,333,1
2025-04-19,35,1528,1060,3
2025-04-19,36,2107,1713,4
2025-04-19,37,5967,1083,19
2025-04-19,38,987,2596,1
2025-04-19,39,5040,1420,23
2025-04-19,40,430,5858,0
2025-04-19,41,791,3130,3
2025-04-19,42,5982,2149,19
2025-04-19,43,4304,4050,6
2025-04-19,44,601,4298,9
2025-04-19,45,1416,4375,0
2025-04-19,46,3926,1659,18
2025-04-19,47,532,4184,20
2025-04-19,48,3970,272,20
2025-04-19,49,5060,850,11
2025-04-19,50,1475,2991,8
2025-04-19,51,1041,1103,16
2025-04-19,52,4066,4188,0
2025-04-19,53,4877,5183,19
2025-04-19,54,3070,2746,4
2025-04-19,55,595,2860,5
2025-04-19,56,2626,2086,16
2025-04-19,57,3287,5871,16
2025-04-19,58,3498,1903,11
2025-04-19,59,4366,5215,14
2025-04-19,60,2067,2622,8
2025-04-19,61,682,3679,8
2025-04-19,62,156,5640,15
2025-04-19,63,5719,5578,1
2025-04-19,64,4748,4413,15
2025-04-19,65,2510,3996,15
2025-04-19,66,2380,5554,1
2025-04-19,67,3046,2792,13
2025-04-19,68,1790,3985,1
2025-04-19,69,497,4131,8
2025-04-19,70,2516,2284,21
2025-04-19,71,4164,1221,23
2025-04-19,72,2448,1983,5
2025-04-19,73,5286,919,11
2025-04-19,74,5052,3034,17
2025-04-19,75,1050,4657,23
2025-04-19,76,3841,5158,9
2025-04-19,77,858,313,1
2025-04-19,78,5914,304,1
2025-04-19,79,1564,4314,0
2025-04-19,80,2049,4280,10
2025-04-19,81,4526,5403,10
2025-04-19,82,3389,3066,15
2025-04-19,83,5760,3341,0
2025-04-19,84,3275,2630,10
2025-04-19,85,3587,2373,6
2025-04-19,86,2975,291,11
2025-04-19,87,1401,3259,18
2025-04-19,88,2184,723,6
2025-04-19,89,250,791,17
2025-04-19,90,3495,4551,23
2025-04-19,91,494,4755,22
2025-04-19,92,2434,1028,5
2025-04-19,93,4956,5812,9
2025-04-19,94,595,1360,9
2025-04-19,95,460,3285,5
2025-04-19,96,1804,5635,19
2025-04-19,97,3227,4358,17
2025-04-19,98,5954,5208,7
2025-04-19,99,3454,5504,15
2025-04-19,100,3860,1512,18
2025-04-20,1,3995,3530,13
2025-04-20,2,926,4732,5
2025-04-20,3,1919,4202,14
2025-04-20,4,5546,173,17
2025-04-20,5,2851,4351,23
2025-04-20,6,3559,5476,17
2025-04-20,7,960,5054,0
2025-04-20,8,3020,2780,17
2025-04-20,9,2260,608,1
2025-04-20,10,837,2848,11
2025-04-20,11,4820,4765,13
2025-04-20,12,3320,5220,8
2025-04-20,13,452,1425,6
2025-04-20,14,4212,601,10
2025-04-20,15,1504,243,0
2025-04-20,16,4600,1469,3
2025-04-20,17,4217,4444,20
2025-04-20,18,1274,5515,17
2025-04-20,19,4474,3944,16
2025-04-20,20,1568,3016,19
2025-04-20,21,5937,1475,11
2025-04-20,22,2815,2030,0
2025-04-20,23,3766,433,3
2025-04-20,24,4509,1099,16
2025-04-20,25,5385,4610,9
2025-04-20,26,1486,1789,13
2025-04-20,27,3499,5799,5
2025-04-20,28,3326,1413,7
2025-04-20,29,870,2986,21
2025-04-20,30,2939,5868,11
2025-04-20,31,2527,571,10
2025-04-20,32,4609,3064,12
2025-04-20,33,4011,3774,17
2025-04-20,34,2314,4246,9
2025-04-20,35,5044,2760,2
2025-04-20,36,916,3838,17
2025-04-20,37,3217,3035,7
2025-04-20,38,4972,1748,23
2025-04-20,39,4701,2209,21
2025-04-20,40,4291,3338,19
2025-04-20,41,1125,4489,16
2025-04-20,42,2002,2934,21
2025-04-20,43,4638,1241,10
2025-04-20,44,5893,4309,17
2025-04-20,45,338,5114,6
2025-04-20,46,889,2608,6
2025-04-20,47,2171,4860,11
2025-04-20,48,3356,5381,17
2025-04-20,49,4527,5151,15
2025-04-20,50,3531,4393,20
2025-04-20,51,5332,3964,6
2025-04-20,52,1150,3609,19
2025-04-20,53,1889,5515,17
2025-04-20,54,3807,2688,4
2025-04-20,55,5981,1879,14
2025-04-20,56,5108,5711,1
2025-04-20,57,1648,4965,12
2025-04-20,58,2620,4427,22
2025-04-20,59,1104,3413,21
2025-04-20,60,5635,3325,9
2025-04-20,61,572,1983,22
2025-04-20,62,955,3985,4
2025-04-20,63,3543,1138,15
2025-04-20,64,4568,3780,18
2025-04-20,65,5041,5643,22
2025-04-20,66,4270,5460,14
2025-04-20,67,4239,2697,9
2025-04-20,68,1300,979,8
2025-04-20,69,2981,869,0
2025-04-20,70,1229,3249,0
2025-04-20,71,1825,833,8
2025-04-20,72,1590,2768,10
2025-04-20,73,5028,4483,7
2025-04-20,74,4118,1869,16
2025-04-20,75,1500,806,5
2025-04-20,76,2369,1798,11
2025-04-20,77,221,5143,19
2025-04-20,78,4138,2366,17
2025-04-20,79,1792,5336,19
2025-04-20,80,2074,4636,14
2025-04-20,81,934,5176,5
2025-04-20,82,1896,2267,18
2025-04-20,83,4816,951,9
2025-04-20,84,3675,1901,16
2025-04-20,85,1249,930,19
2025-04-20,86,1068,2665,7
2025-04-20,87,2598,4436,8
2025-04-20,88,4314,1825,20
2025-04-20,89,3933,4718,4
2025-04-20,90,3363,494,0
2025-04-20,91,2683,3382,0
2025-04-20,92,4439,1171,18
2025-04-20,93,2279,4815,8
2025-04-20,94,3819,4866,19
2025-04-20,95,727,3428,14
2025-04-20,96,3146,934,9
2025-04-20,97,2421,3878,6
2025-04-20,98,3373,1026,6
2025-04-20,99,4844,1920,20
2025-04-20,100,3230,231,12
2025-04-21,1,4911,4890,12
2025-04-21,2,1926,3975,17
2025-04-21,3,5248,5908,0
2025-04-21,4,3560,1891,17
2025-04-21,5,1950,4298,5
2025-04-21,6,668,4769,14
2025-04-21,7,454,5141,2
2025-04-21,8,3790,4634,15
2025-04-21,9,952,4645,4
2025-04-21,10,5839,4015,8
2025-04-21,11,579,2748,23
2025-04-21,12,3221,1069,9
2025-04-21,13,5993,3395,1
2025-04-21,14,3822,536,4
2025-04-21,15,5122,4384,7
2025-04-21,16,970,710,17
2025-04-21,17,2632,4286,22
2025-04-21,18,2833,3691,2
2025-04-21,19,465,5934,3
2025-04-21,20,271,5480,22
2025-04-21,21,4748,4410,7
2025-04-21,22,3362,3635,3
2025-04-21,23,3142,1326,23
2025-04-21,24,979,1871,15
2025-04-21,25,1737,1685,11
2025-04-21,26,5233,2484,5
2025-04-21,27,3977,2300,5
2025-04-21,28,1228,4549,23
2025-04-21,29,648,3354,23
2025-04-21,30,1140,3726,0
2025-04-21,31,710,1301,21
2025-04-21,32,158,4249,17
2025-04-21,33,5283,4893,3
2025-04-21,34,3980,2309,0
2025-04-21,35,398,3749,21
2025-04-21,36,2836,5089,8
2025-04-21,37,4361,3664,1
2025-04-21,38,2021,1777,6
2025-04-21,39,372,3477,11
2025-04-21,40,4548,2880,4
2025-04-21,41,2957,1414,10
2025-04-21,42,5671,2901,1
2025-04-21,43,1348,600,21
2025-04-21,44,176,5210,16
2025-04-21,45,1659,366,10
2025-04-21,46,2517,1699,3
2025-04-21,47,1405,3150,3
2025-04-21,48,3777,343,13
2025-04-21,49,1057,5309,22
2025-04-21,50,5475,720,15
2025-04-21,51,2636,1409,8
2025-04-21,52,4539,1552,21
2025-04-21,53,4974,4905,9
2025-04-21,54,390,5912,12
2025-04-21,55,3626,3662,19
2025-04-21,56,1861,2790,21
2025-04-21,57,928,5114,11
2025-04-21,58,1886,3778,19
2025-04-21,59,2045,5012,12
2025-04-21,60,2072,5085,12
2025-04-21,61,3304,927,19
2025-04-21,62,5215,3574,20
2025-04-21,63,376,4311,2
2025-04-21,64,4541,5142,14
2025-04-21,65,5500,3030,14
2025-04-21,66,3029,5747,20
2025-04-21,67,1362,4018,22
2025-04-21,68,294,2561,19
2025-04-21,69,3424,1190,0
2025-04-21,70,5085,4362,12
2025-04-21,71,5327,2657,5
2025-04-21,72,510,4699,15
2025-04-21,73,5368,2327,6
2025-04-21,74,4102,301,1
2025-04-21,75,2098,1766,9
2025-04-21,76,907,2149,5
2025-04-21,77,4726,2249,10
2025-04-21,78,1364,2513,1
2025-04-21,79,5853,2959,10
2025-04-21,80,5681,4535,10
2025-04-21,81,3661,2882,18
2025-04-21,82,3106,5042,12
2025-04-21,83,2288,277,0
2025-04-21,84,3762,5618,6
2025-04-21,85,1501,459,13
2025-04-21,86,5517,2883,20
2025-04-21,87,1870,1822,20
2025-04-21,88,1604,3062,4
2025-04-21,89,898,623,4
2025-04-21,90,3154,1319,7
2025-04-21,91,4950,1893,0
2025-04-21,92,4328,3606,18
2025-04-21,93,5426,5422,4
2025-04-21,94,3363,1869,10
2025-04-21,95,667,339,7
2025-04-21,96,3448,4341,13
2025-04-21,97,709,5041,18
2025-04-21,98,837,2055,11
2025-04-21,99,1292,2272,17
2025-04-21,100,1737,3678,1
2025-04-22,1,302,5544,22
2025-04-22,2,1357,1410,1
2025-04-22,3,2287,3762,14
2025-04-22,4,978,5871,19
2025-04-22,5,5438,2616,5
2025-04-22,6,5377,3297,4
2025-04-22,7,5755,4718,11
2025-04-22,8,5866,3588,21
2025-04-22,9,627,2311,22
2025-04-22,10,2061,5210,6
2025-04-22,11,3840,2010,23
2025-04-22,12,644,3699,7
2025-04-22,13,2292,380,5
2025-04-22,14,5806,237,17
2025-04-22,15,2800,189,3
2025-04-22,16,5514,4620,1
2025-04-22,17,2794,1863,23
2025-04-22,18,5226,3621,7
2025-04-22,19,4905,3610,9
2025-04-22,20,3034,3976,9
2025-04-22,21,4795,4470,19
2025-04-22,22,2539,4978,0
2025-04-22,23,5754,3524,3
2025-04-22,24,4802,425,14
2025-04-22,25,5391,909,3
2025-04-22,26,4051,4727,5
2025-04-22,27,5180,2229,15
2025-04-22,28,3699,4371,18
2025-04-22,29,2967,2451,22
2025-04-22,30,2286,5151,23
2025-04-22,31,995,4602,4
2025-04-22,32,4978,2306,13
2025-04-22,33,267,3242,0
2025-04-22,34,3727,1573,0
2025-04-22,35,854,4485,0
2025-04-22,36,2833,490,3
2025-04-22,37,850,3568,9
2025-04-22,38,3315,1961,0
2025-04-22,39,4371,4420,19
2025-04-22,40,3372,4128,10
2025-04-22,41,3155,5116,1
2025-04-22,42,3768,2422,8
2025-04-22,43,4535,1770,23
2025-04-22,44,771,5473,23
2025-04-22,45,1417,2823,15
2025-04-22,46,648,1057,6
2025-04-22,47,4621,5145,5
2025-04-22,48,262,4267,1
2025-04-22,49,1754,1761,12
2025-04-22,50,2630,1313,6
2025-04-22,51,3648,474,9
2025-04-22,52,1153,4866,8
2025-04-22,53,4595,699,8
2025-04-22,54,5527,3704,22
2025-04-22,55,3719,2064,8
2025-04-22,56,4081,4193,2
2025-04-22,57,1376,4078,22
2025-04-22,58,3859,2472,3
2025-04-22,59,1091,2720,18
2025-04-22,60,283,3955,19
2025-04-22,61,385,4949,14
2025-04-22,62,286,3756,16
2025-04-22,63,3633,5113,20
2025-04-22,64,4214,2404,6
2025-04-22,65,2608,5606,17
2025-04-22,66,4134,745,12
2025-04-22,67,4079,2074,6
2025-04-22,68,4221,3548,20
2025-04-22,69,5829,2177,6
2025-04-22,70,4661,4194,0
2025-04-22,71,567,1419,15
2025-04-22,72,3438,799,11
2025-04-22,73,3302,1236,22
2025-04-22,74,4581,1995,12
2025-04-22,75,2328,1327,8
2025-04-22,76,339,1334,15
2025-04-22,77,653,3198,11
2025-04-22,78,259,3517,22
2025-04-22,79,4086,2163,17
2025-04-22,80,1917,1082,9
2025-04-22,81,2091,4624,2
2025-04-22,82,5047,1074,0
2025-04-22,83,4522,3232,3
2025-04-22,84,5852,5778,22
2025-04-22,85,4079,4344,20
2025-04-22,86,5510,3955,17
2025-04-22,87,1974,2349,6
2025-04-22,88,5458,2062,10
2025-04-22,89,2363,3320,2
2025-04-22,90,5168,5521,5
2025-04-22,91,2374,769,8
2025-04-22,92,2338,1867,15
2025-04-22,93,5330,2414,10
2025-04-22,94,459,2362,0
2025-04-22,95,3118,3045,8
2025-04-22,96,783,3712,11
2025-04-22,97,4684,2315,17
2025-04-22,98,4671,3323,6
2025-04-22,99,5723,784,20
2025-04-22,100,559,5746,18
2025-04-23,1,5366,460,6
2025-04-23,2,4541,3809,8
2025-04-23,3,861,5080,11
2025-04-23,4,240,5092,20
2025-04-23,5,2905,1197,3
2025-04-23,6,2765,5044,15
2025-04-23,7,4957,2421,2
2025-04-23,8,5839,5008,9
2025-04-23,9,4451,5283,9
2025-04-23,10,2736,1147,6
2025-04-23,11,4167,4857,20
2025-04-23,12,5629,4936,15
2025-04-23,13,2862,2811,0
2025-04-23,14,1729,997,14
2025-04-23,15,424,2244,4
2025-04-23,16,2639,959,3
2025-04-23,17,1951,1400,1
2025-04-23,18,5763,737,22
2025-04-23,19,5274,3208,2
2025-04-23,20,5533,4192,1
2025-04-23,21,1615,3591,11
2025-04-23,22,2076,393,17
2025-04-23,23,5302,4584,19
2025-04-23,24,1592,2646,2
2025-04-23,25,5910,486,4
2025-04-23,26,2655,4461,15
2025-04-23,27,632,924,0
2025-04-23,28,4103,3470,15
2025-04-23,29,4780,2451,5
2025-04-23,30,1819,3742,4
2025-04-23,31,1184,649,22
2025-04-23,32,2216,1008,10
2025-04-23,33,3006,3093,12
2025-04-23,34,1943,5823,19
2025-04-23,35,5035,1498,21
2025-04-23,36,2944,3426,10
2025-04-23,37,5840,4940,12
2025-04-23,38,4952,1880,19
2025-04-23,39,3044,1914,12
2025-04-23,40,4439,1806,8
2025-04-23,41,4000,1220,23
2025-04-23,42,4363,2109,19
2025-04-23,43,5359,402,17
2025-04-23,44,3996,1544,22
2025-04-23,45,2053,2410,2
2025-04-23,46,2437,1902,8
2025-04-23,47,1569,1996,8
2025-04-23,48,1206,5840,21
2025-04-23,49,2010,5595,18
2025-04-23,50,3665,3443,7
2025-04-23,51,4727,897,2
2025-04-23,52,794,2357,17
2025-04-23,53,4989,2295,5
2025-04-23,54,5774,1229,13
2025-04-23,55,4319,4310,5
2025-04-23,56,706,2949,8
2025-04-23,57,2451,300,21
2025-04-23,58,5745,3998,5
2025-04-23,59,1781,4241,13
2025-04-23,60,1038,5726,4
2025-04-23,61,4226,1254,17
2025-04-23,62,5753,2219,19
2025-04-23,63,5451,2870,1
2025-04-23,64,1276,2405,18
2025-04-23,65,3948,4865,3
2025-04-23,66,2059,3366,22
2025-04-23,67,319,5681,23
2025-04-23,68,3524,3961,19
2025-04-23,69,3146,4427,16
2025-04-23,70,5013,1382,2
2025-04-23,71,2589,3133,11
2025-04-23,72,1297,2026,2
2025-04-23,73,4655,1532,9
2025-04-23,74,2723,1762,20
2025-04-23,75,2364,5037,20
2025-04-23,76,1834,1418,4
2025-04-23,77,5785,3169,22
2025-04-23,78,1190,4706,5
2025-04-23,79,5945,492,20
2025-04-23,80,4972,5611,15
2025-04-23,81,3099,4843,21
2025-04-23,82,3791,5243,1
2025-04-23,83,314,1848,2
2025-04-23,84,3509,3679,14
2025-04-23,85,3186,5607,5
2025-04-23,86,1516,2387,3
2025-04-23,87,5948,965,13
2025-04-23,88,2029,4267,22
2025-04-23,89,4312,266,16
2025-04-23,90,527,5985,19
2025-04-23,91,1938,2060,18
2025-04-23,92,1704,1053,16
2025-04-23,93,3965,323,0
2025-04-23,94,4224,1544,21
2025-04-23,95,3156,2102,20
2025-04-23,96,378,3843,2
2025-04-23,97,3536,4162,8
2025-04-23,98,1989,4950,15
2025-04-23,99,3186,2652,3
2025-04-23,100,5321,3992,6
2025-04-24,1,3640,4254,16
2025-04-24,2,5133,1803,3
2025-04-24,3,5101,4659,14
2025-04-24,4,5255,5124,20
2025-04-24,5,2593,1397,18
2025-04-24,6,1056,1474,20
2025-04-24,7,938,5090,20
2025-04-24,8,1598,2607,19
2025-04-24,9,1370,809,17
2025-04-24,10,1524,1901,20
2025-04-24,11,1543,4832,13
2025-04-24,12,971,1423,14
2025-04-24,13,3464,1289,8
2025-04-24,14,3488,2661,2
2025-04-24,15,3383,2741,12
2025-04-24,16,4850,244,19
2025-04-24,17,5324,2875,23
2025-04-24,18,5448,2598,12
2025-04-24,19,442,1698,10
2025-04-24,20,2569,3740,3
2025-04-24,21,5131,4373,20
2025-04-24,22,2822,1960,20
2025-04-24,23,4787,3324,18
2025-04-24,24,2325,5137,3
2025-04-24,25,4017,2508,14
2025-04-24,26,4351,3359,14
2025-04-24,27,2142,2091,3
2025-04-24,28,785,590,5
2025-04-24,29,2049,3809,9
2025-04-24,30,634,2426,13
2025-04-24,31,3015,2373,20
2025-04-24,32,3783,3227,21
2025-04-24,33,1731,1018,12
2025-04-24,34,1741,4749,22
2025-04-24,35,739,3359,23
2025-04-24,36,393,4615,1
2025-04-24,37,5023,1758,8
2025-04-24,38,4670,1747,12
2025-04-24,39,1948,3151,6
2025-04-24,40,1680,2373,14
2025-04-24,41,191,1539,14
2025-04-24,42,5763,5857,22
2025-04-24,43,5137,2939,4
2025-04-24,44,568,3719,11
2025-04-24,45,3710,1483,18
2025-04-24,46,276,3178,2
2025-04-24,47,2380,1465,4
2025-04-24,48,2986,2060,17
2025-04-24,49,906,2492,6
2025-04-24,50,2550,5833,16
2025-04-24,51,2020,4639,20
2025-04-24,52,798,4073,8
2025-04-24,53,3700,1597,9
2025-04-24,54,4436,5546,21
2025-04-24,55,857,4577,15
2025-04-24,56,3029,1681,3
2025-04-24,57,1275,455,20
2025-04-24,58,4716,2038,11
2025-04-24,59,942,3206,8
2025-04-24,60,3247,3195,6
2025-04-24,61,5645,5630,1
2025-04-24,62,3009,3150,17
2025-04-24,63,4794,3792,6
2025-04-24,64,1832,2641,9
2025-04-24,65,2696,2300,6
2025-04-24,66,5492,3711,1
2025-04-24,67,978,531,4
2025-04-24,68,400,1077,19
2025-04-24,69,3540,3324,13
2025-04-24,70,1267,1776,1
2025-04-24,71,1639,2080,22
2025-04-24,72,1784,500,14
2025-04-24,73,5852,4319,17
2025-04-24,74,5812,2522,14
2025-04-24,75,1816,4380,4
2025-04-24,76,4762,1128,7
2025-04-24,77,4925,2030,22
2025-04-24,78,4073,3234,15
2025-04-24,79,2815,2743,2
2025-04-24,80,2885,1857,8
2025-04-24,81,2534,5023,3
2025-04-24,82,4556,193,4
2025-04-24,83,4885,3243,15
2025-04-24,84,3244,2219,17
2025-04-24,85,1581,2349,21
2025-04-24,86,3325,3410,18
2025-04-24,87,4393,1047,22
2025-04-24,88,2363,3374,12
2025-04-24,89,496,2698,14
2025-04-24,90,4056,2638,1
2025-04-24,91,3440,3844,15
2025-04-24,92,3061,4469,21
2025-04-24,93,3785,440,16
2025-04-24,94,5435,5602,12
2025-04-24,95,5243,5774,19
2025-04-24,96,1070,5280,9
2025-04-24,97,690,736,12
2025-04-24,98,4041,660,10
2025-04-24,99,3426,1714,12
2025-04-24,100,938,4950,21
2025-04-25,1,3087,389,4
2025-04-25,2,4995,5243,10
2025-04-25,3,553,955,7
2025-04-25,4,984,5728,6
2025-04-25,5,5615,2574,18
2025-04-25,6,4789,2043,20
2025-04-25,7,1484,1702,14
2025-04-25,8,3355,4926,20
2025-04-25,9,5196,4171,3
2025-04-25,10,4189,5186,12
2025-04-25,11,1915,2237,22
2025-04-25,12,3240,5320,14
2025-04-25,13,3636,4567,23
2025-04-25,14,4265,3173,17
2025-04-25,15,4944,1866,20
2025-04-25,16,4393,2813,15
2025-04-25,17,3120,5778,16
2025-04-25,18,726,4355,8
2025-04-25,19,592,2728,5
2025-04-25,20,4436,3447,13
2025-04-25,21,5705,2924,6
2025-04-25,22,4755,3541,12
2025-04-25,23,1697,3154,12
2025-04-25,24,1524,3827,18
2025-04-25,25,2632,4811,23
2025-04-25,26,3029,1685,2
2025-04-25,27,5263,5296,20
2025-04-25,28,5999,2500,12
2025-04-25,29,4540,3699,19
2025-04-25,30,265,1690,6
2025-04-25,31,272,5285,22
2025-04-25,32,4244,4157,15
2025-04-25,33,334,5057,7
2025-04-25,34,606,3245,3
2025-04-25,35,4181,3673,10
2025-04-25,36,1844,2304,13
2025-04-25,37,4201,394,2
2025-04-25,38,5252,4812,7
2025-04-25,39,1973,5329,14
2025-04-25,40,5252,3791,18
2025-04-25,41,4067,643,15
2025-04-25,42,1693,1348,7
2025-04-25,43,1923,2377,12
2025-04-25,44,2965,4786,7
2025-04-25,45,5898,5799,18
2025-04-25,46,2228,2193,0
2025-04-25,47,3789,801,12
2025-04-25,48,3101,1528,12
2025-04-25,49,1547,4182,2
2025-04-25,50,1785,3644,18
2025-04-25,51,3376,1867,14
2025-04-25,52,1865,3809,21
2025-04-25,53,5104,1565,0
2025-04-25,54,5996,201,6
2025-04-25,55,5538,1920,4
2025-04-25,56,5958,2481,0
2025-04-25,57,3649,1374,20
2025-04-25,58,4887,321,17
2025-04-25,59,3492,4012,2
2025-04-25,60,1993,4061,14
2025-04-25,61,4472,5756,2
2025-04-25,62,1815,415,20
2025-04-25,63,5845,4227,11
2025-04-25,64,2453,206,14
2025-04-25,65,3947,5296,6
2025-04-25,66,1044,2485,13
2025-04-25,67,2330,3225,11
2025-04-25,68,3634,3520,4
2025-04-25,69,3602,3233,1
2025-04-25,70,2042,1579,5
2025-04-25,71,3405,4135,15
2025-04-25,72,5030,3176,17
2025-04-25,73,2988,2265,10
2025-04-25,74,4641,1939,6
2025-04-25,75,3258,4707,3
2025-04-25,76,3166,3915,17
2025-04-25,77,370,3299,17
2025-04-25,78,2904,2396,5
2025-04-25,79,1519,5136,16
2025-04-25,80,5170,4949,17
2025-04-25,81,800,4290,6
2025-04-25,82,2199,3184,16
2025-04-25,83,623,3321,0
2025-04-25,84,921,3877,3
2025-04-25,85,5006,5479,10
2025-04-25,86,2652,5907,16
2025-04-25,87,999,5663,21
2025-04-25,88,174,1590,12
2025-04-25,89,5551,350,22
2025-04-25,90,3548,706,7
2025-04-25,91,4335,3353,10
2025-04-25,92,3257,730,16
2025-04-25,93,5602,1469,22
2025-04-25,94,4458,3867,22
2025-04-25,95,640,850,22
2025-04-25,96,4930,184,12
2025-04-25,97,968,1573,4
2025-04-25,98,4523,4364,21
2025-04-25,99,1362,2338,1
2025-04-25,100,3595,4408,22
2025-04-26,1,3886,1395,5
2025-04-26,2,944,3658,10
2025-04-26,3,1139,3962,20
2025-04-26,4,4405,1011,18
2025-04-26,5,151,1832,5
2025-04-26,6,4637,1860,15
2025-04-26,7,4806,842,20
2025-04-26,8,5362,5754,23
2025-04-26,9,3277,3323,23
2025-04-26,10,5863,1466,12
2025-04-26,11,3508,4413,20
2025-04-26,12,183,5009,6
2025-04-26,13,2548,3156,1
2025-04-26,14,2790,2782,9
2025-04-26,15,2864,5653,0
2025-04-26,16,2783,2801,16
2025-04-26,17,5576,606,14
2025-04-26,18,611,5995,7
2025-04-26,19,5879,3443,12
2025-04-26,20,1389,466,6
2025-04-26,21,5667,3170,10
2025-04-26,22,4712,707,12
2025-04-26,23,1668,4124,13
2025-04-26,24,3991,2695,6
2025-04-26,25,5837,5229,22
2025-04-26,26,631,3478,6
2025-04-26,27,1560,3120,5
2025-04-26,28,3357,809,4
2025-04-26,29,1511,1523,16
2025-04-26,30,5014,2305,23
2025-04-26,31,804,5249,19
2025-04-26,32,902,2943,15
2025-04-26,33,2711,5724,23
2025-04-26,34,4489,2175,14
2025-04-26,35,1679,5487,4
2025-04-26,36,4156,780,16
2025-04-26,37,4390,4504,7
2025-04-26,38,2506,1588,7
2025-04-26,39,2113,1535,7
2025-04-26,40,1506,4844,5
2025-04-26,41,5552,1621,8
2025-04-26,42,4779,5007,14
2025-04-26,43,905,1904,2
2025-04-26,44,1457,4000,20
2025-04-26,45,3914,2352,19
2025-04-26,46,1340,528,0
2025-04-26,47,2483,2497,1
2025-04-26,48,5416,3463,12
2025-04-26,49,5273,2782,16
2025-04-26,50,607,4803,18
2025-04-26,51,610,1196,14
2025-04-26,52,5649,5571,20
2025-04-26,53,5167,2607,15
2025-04-26,54,2252,294,9
2025-04-26,55,1803,5149,19
2025-04-26,56,1916,650,16
2025-04-26,57,2345,2544,4
2025-04-26,58,860,2437,14
2025-04-26,59,4510,5916,6
2025-04-26,60,3566,3999,14
2025-04-26,61,5259,3731,8
2025-04-26,62,2468,4268,3
2025-04-26,63,1398,1434,12
2025-04-26,64,1086,329,15
2025-04-26,65,3387,4377,5
2025-04-26,66,2601,4670,10
2025-04-26,67,4089,2354,11
2025-04-26,68,4454,5152,10
2025-04-26,69,3639,3967,21
2025-04-26,70,3950,725,20
2025-04-26,71,3931,1196,23
2025-04-26,72,223,5088,10
2025-04-26,73,4227,3738,2
2025-04-26,74,3542,4351,21
2025-04-26,75,1111,1829,20
2025-04-26,76,899,5846,23
2025-04-26,77,3102,2050,6
2025-04-26,78,1922,3407,4
2025-04-26,79,3972,3054,3
2025-04-26,80,1129,4602,12
2025-04-26,81,283,320,7
2025-04-26,82,2814,5066,11
2025-04-26,83,574,3921,18
2025-04-26,84,3477,4947,7
2025-04-26,85,3221,4352,2
2025-04-26,86,4767,2962,16
2025-04-26,87,3214,2117,23
2025-04-26,88,1752,2505,19
2025-04-26,89,4813,4074,20
2025-04-26,90,1542,288,14
2025-04-26,91,204,3187,23
2025-04-26,92,4042,5248,13
2025-04-26,93,1361,3378,9
2025-04-26,94,5963,5466,12
2025-04-26,95,5884,815,5
2025-04-26,96,5528,5677,23
2025-04-26,97,1615,710,0
2025-04-26,98,4925,1320,8
2025-04-26,99,1316,3844,7
2025-04-26,100,1169,4745,21
2025-04-27,1,2326,3154,12
2025-04-27,2,3983,5193,14
2025-04-27,3,2546,2026,22
2025-04-27,4,4207,886,22
2025-04-27,5,4130,4735,3
2025-04-27,6,5964,3850,19
2025-04-27,7,1763,2952,15
2025-04-27,8,5818,2876,21
2025-04-27,9,5551,4504,10
2025-04-27,10,2607,5977,6
2025-04-27,11,1128,3003,17
2025-04-27,12,3487,1897,9
2025-04-27,13,1569,597,14
2025-04-27,14,4719,3727,13
2025-04-27,15,2317,1857,13
2025-04-27,16,459,4442,6
2025-04-27,17,3331,1530,23
2025-04-27,18,5041,3976,20
2025-04-27,19,2726,5450,8
2025-04-27,20,3649,3783,21
2025-04-27,21,1956,1215,15
2025-04-27,22,2597,362,5
2025-04-27,23,2419,283,8
2025-04-27,24,3678,4615,13
2025-04-27,25,3973,3467,6
2025-04-27,26,1281,4249,8
2025-04-27,27,168,5562,9
2025-04-27,28,1695,2991,20
2025-04-27,29,1354,1404,9
2025-04-27,30,5776,3111,12
2025-04-27,31,2253,3283,20
2025-04-27,32,3898,3730,5
2025-04-27,33,1876,3621,6
2025-04-27,34,3535,5970,20
2025-04-27,35,2475,5433,13
2025-04-27,36,2903,4730,17
2025-04-27,37,4614,1855,14
2025-04-27,38,5865,4435,14
2025-04-27,39,3869,4281,15
2025-04-27,40,4789,328,1
2025-04-27,41,2006,1487,5
2025-04-27,42,3947,5360,18
2025-04-27,43,1280,2978,6
2025-04-27,44,3320,2888,2
2025-04-27,45,1998,5699,23
2025-04-27,46,5046,4344,23
2025-04-27,47,5410,813,23
2025-04-27,48,5632,4970,16
2025-04-27,49,1511,602,17
2025-04-27,50,1363,2681,18
2025-04-27,51,1497,1855,5
2025-04-27,52,3889,4828,4
2025-04-27,53,3891,2472,5
2025-04-27,54,425,4683,4
2025-04-27,55,2177,5251,3
2025-04-27,56,1361,399,1
2025-04-27,57,4296,4283,13
2025-04-27,58,2885,5756,22
2025-04-27,59,301,1007,12
2025-04-27,60,365,5255,20
2025-04-27,61,2803,4630,20
2025-04-27,62,3020,2276,17
2025-04-27,63,5683,5684,17
2025-04-27,64,3159,4425,21
2025-04-27,65,1340,183,10
2025-04-27,66,1989,3509,3
2025-04-27,67,4634,3802,3
2025-04-27,68,4929,4963,12
2025-04-27,69,4044,2814,2
2025-04-27,70,4103,4342,15
2025-04-27,71,3372,1931,15
2025-04-27,72,874,3250,16
2025-04-27,73,1507,3887,23
2025-04-27,74,5074,2380,6
2025-04-27,75,5987,4668,7
2025-04-27,76,3983,5572,0
2025-04-27,77,5123,4456,19
2025-04-27,78,2646,4182,17
2025-04-27,79,5430,5841,21
2025-04-27,80,3341,1411,1
2025-04-27,81,5304,1005,10
2025-04-27,82,1428,4031,2
2025-04-27,83,5242,4689,16
2025-04-27,84,5067,4940,6
2025-04-27,85,5468,5864,14
2025-04-27,86,4099,738,0
2025-04-27,87,5967,4083,6
2025-04-27,88,2523,5124,17
2025-04-27,89,4022,2748,13
2025-04-27,90,1249,1975,15
2025-04-27,91,1038,5884,14
2025-04-27,92,1533,5678,11
2025-04-27,93,4874,3469,7
2025-04-27,94,513,707,12
2025-04-27,95,1195,4855,2
2025-04-27,96,711,609,6
2025-04-27,97,2150,2974,19
2025-04-27,98,1203,1782,18
2025-04-27,99,871,3438,15
2025-04-27,100,2962,2421,14
2025-04-28,1,4663,3437,1
2025-04-28,2,5115,894,21
2025-04-28,3,5070,5875,1
2025-04-28,4,246,1962,9
2025-04-28,5,3199,4975,2
2025-04-28,6,1017,1434,6
2025-04-28,7,3767,5131,14
2025-04-28,8,3571,5243,13
2025-04-28,9,5970,2806,18
2025-04-28,10,1112,2241,14
2025-04-28,11,3839,826,5
2025-04-28,12,2363,2946,19
2025-04-28,13,2711,2547,23
2025-04-28,14,1073,3578,3
2025-04-28,15,1549,758,6
2025-04-28,16,1426,2695,21
2025-04-28,17,1343,2574,17
2025-04-28,18,1088,723,4
2025-04-28,19,3029,4377,21
2025-04-28,20,345,1431,14
2025-04-28,21,3402,2755,22
2025-04-28,22,1185,5675,17
2025-04-28,23,2528,2109,21
2025-04-28,24,5460,1211,20
2025-04-28,25,5216,4594,22
2025-04-28,26,1935,3852,18
2025-04-28,27,639,2825,8
2025-04-28,28,5045,5289,9
2025-04-28,29,2892,5995,16
2025-04-28,30,4779,5007,7
2025-04-28,31,1905,2539,0
2025-04-28,32,2729,651,9
2025-04-28,33,804,155,2
2025-04-28,34,3957,5166,5
2025-04-28,35,1771,1308,13
2025-04-28,36,2510,3090,7
2025-04-28,37,4279,5621,16
2025-04-28,38,3168,2003,20
2025-04-28,39,4596,2772,21
2025-04-28,40,5195,3073,22
2025-04-28,41,2155,1485,0
2025-04-28,42,3269,4851,8
2025-04-28,43,867,2471,11
2025-04-28,44,2196,1531,14
2025-04-28,45,1217,2510,16
2025-04-28,46,4373,3389,1
2025-04-28,47,4872,2434,15
2025-04-28,48,915,5150,18
2025-04-28,49,1467,1866,7
2025-04-28,50,3848,379,20
2025-04-28,51,4457,3110,5
2025-04-28,52,342,2857,1
2025-04-28,53,3568,4177,21
2025-04-28,54,2339,5975,2
2025-04-28,55,3624,1886,15
2025-04-28,56,2867,2104,14
2025-04-28,57,4774,1666,4
2025-04-28,58,4511,2571,20
2025-04-28,59,1049,3097,11
2025-04-28,60,4892,5591,5
2025-04-28,61,1762,5103,4
2025-04-28,62,975,5317,10
2025-04-28,63,5222,1321,23
2025-04-28,64,1112,2559,1
2025-04-28,65,5373,1314,12
2025-04-28,66,4929,2776,22
2025-04-28,67,5090,4322,3
2025-04-28,68,2350,2706,1
2025-04-28,69,4700,5469,1
2025-04-28,70,4526,4587,20
2025-04-28,71,2308,2512,5
2025-04-28,72,1310,3742,23
2025-04-28,73,4069,723,23
2025-04-28,74,4462,1027,11
2025-04-28,75,892,4798,13
2025-04-28,76,3065,2755,10
2025-04-28,77,5170,3205,10
2025-04-28,78,3147,5875,10
2025-04-28,79,1334,5218,2
2025-04-28,80,5577,4764,17
2025-04-28,81,5081,1693,14
2025-04-28,82,642,1724,19
2025-04-28,83,3235,3786,14
2025-04-28,84,151,2723,15
2025-04-28,85,5343,5603,16
2025-04-28,86,2707,4022,15
2025-04-28,87,4501,4520,1
2025-04-28,88,1261,2132,15
2025-04-28,89,3999,3832,3
2025-04-28,90,5561,1416,4
2025-04-28,91,3273,3982,12
2025-04-28,92,3612,823,3
2025-04-28,93,3924,3921,19
2025-04-28,94,973,4233,12
2025-04-28,95,3274,857,13
2025-04-28,96,1345,1336,12
2025-04-28,97,4015,5628,14
2025-04-28,98,4649,1935,17
2025-04-28,99,5810,1255,1
2025-04-28,100,5515,3533,6
2025-04-29,1,4478,5753,10
2025-04-29,2,2642,2709,12
2025-04-29,3,637,2749,10
2025-04-29,4,4012,1925,8
2025-04-29,5,5132,2339,19
2025-04-29,6,1110,4003,6
2025-04-29,7,3261,1429,3
2025-04-29,8,380,5158,4
2025-04-29,9,3902,5110,18
2025-04-29,10,2689,1590,23
2025-04-29,11,4123,3182,15
2025-04-29,12,4161,877,12
2025-04-29,13,2772,230,9
2025-04-29,14,715,2595,14
2025-04-29,15,5487,2026,23
2025-04-29,16,4013,2643,11
2025-04-29,17,4887,1594,13
2025-04-29,18,864,2639,9
2025-04-29,19,3212,5433,22
2025-04-29,20,2767,4841,13
2025-04-29,21,1417,2050,1
2025-04-29,22,3950,977,6
2025-04-29,23,3182,3052,18
2025-04-29,24,5124,2010,12
2025-04-29,25,536,384,13
2025-04-29,26,875,1930,13
2025-04-29,27,3154,3882,10
2025-04-29,28,1144,1313,9
2025-04-29,29,896,3509,19
2025-04-29,30,5962,5645,5
2025-04-29,31,4179,1453,17
2025-04-29,32,1965,5449,4
2025-04-29,33,1297,1014,14
2025-04-29,34,5635,3802,13
2025-04-29,35,4615,5047,6
2025-04-29,36,4438,5359,17
2025-04-29,37,4775,4998,1
2025-04-29,38,1338,4474,21
2025-04-29,39,1593,1891,4
2025-04-29,40,2633,5013,6
2025-04-29,41,4155,805,5
2025-04-29,42,5277,4294,15
2025-04-29,43,5263,2200,19
2025-04-29,44,1135,2076,1
2025-04-29,45,2521,5710,20
2025-04-29,46,4156,4187,16
2025-04-29,47,5181,4759,20
2025-04-29,48,3002,5193,20
2025-04-29,49,737,1074,12
2025-04-29,50,2533,3828,5
2025-04-29,51,5162,2430,19
2025-04-29,52,2851,3795,16
2025-04-29,53,3687,5522,23
2025-04-29,54,4105,186,8
2025-04-29,55,4961,5745,9
2025-04-29,56,1992,1304,14
2025-04-29,57,3734,3769,3
2025-04-29,58,4159,567,19
2025-04-29,59,2971,1312,6
2025-04-29,60,5363,1861,15
2025-04-29,61,2739,2516,19
2025-04-29,62,4015,3867,3
2025-04-29,63,2569,2079,22
2025-04-29,64,1848,3596,2
2025-04-29,65,4906,996,0
2025-04-29,66,1402,3326,5
2025-04-29,67,1909,2222,18
2025-04-29,68,2400,690,6
2025-04-29,69,3523,2456,7
2025-04-29,70,3249,2205,16
2025-04-29,71,4463,2393,22
2025-04-29,72,2830,1846,13
2025-04-29,73,443,5357,19
2025-04-29,74,2605,859,11
2025-04-29,75,5715,4215,18
2025-04-29,76,1710,2178,20
2025-04-29,77,2914,3043,5
2025-04-29,78,2609,947,4
2025-04-29,79,2553,4886,6
2025-04-29,80,3690,5022,19
2025-04-29,81,3958,3549,15
2025-04-29,82,1837,2646,4
2025-04-29,83,924,4726,2
2025-04-29,84,3089,1357,12
2025-04-29,85,4003,238,0
2025-04-29,86,2552,4283,23
2025-04-29,87,528,3902,4
2025-04-29,88,4795,1172,13
2025-04-29,89,5726,4982,4
2025-04-29,90,5690,878,15
2025-04-29,91,3460,347,10
2025-04-29,92,5113,3052,10
2025-04-29,93,4436,3099,10
2025-04-29,94,1762,2088,6
2025-04-29,95,3074,4781,21
2025-04-29,96,2205,2333,20
2025-04-29,97,3147,4320,22
2025-04-29,98,5398,2956,5
2025-04-29,99,3450,4722,21
2025-04-29,100,5440,1046,4
2025-04-30,1,4029,5530,19
2025-04-30,2,3493,3176,5
2025-04-30,3,943,1510,19
2025-04-30,4,4325,904,15
2025-04-30,5,5040,2025,3
2025-04-30,6,221,396,20
2025-04-30,7,5438,3873,5
2025-04-30,8,2052,915,11
2025-04-30,9,1248,5462,5
2025-04-30,10,1441,3329,22
2025-04-30,11,4951,1343,7
2025-04-30,12,5197,3407,8
2025-04-30,13,3151,2469,15
2025-04-30,14,2043,3721,5
2025-04-30,15,2542,428,3
2025-04-30,16,5142,1542,11
2025-04-30,17,1636,5757,19
2025-04-30,18,2333,4569,5
2025-04-30,19,1087,2932,3
2025-04-30,20,5285,4366,8
2025-04-30,21,2170,3852,19
2025-04-30,22,534,4469,11
2025-04-30,23,2417,2103,11
2025-04-30,24,5850,4011,6
2025-04-30,25,1956,2867,23
2025-04-30,26,5770,3870,14
2025-04-30,27,2212,4485,9
2025-04-30,28,3425,1510,4
2025-04-30,29,436,4943,15
2025-04-30,30,5204,3795,18
2025-04-30,31,5217,4341,13
2025-04-30,32,5955,2820,13
2025-04-30,33,239,3588,19
2025-04-30,34,162,3644,16
2025-04-30,35,1686,3008,21
2025-04-30,36,765,1840,16
2025-04-30,37,5020,4131,13
2025-04-30,38,4100,970,18
2025-04-30,39,155,4217,20
2025-04-30,40,3908,2904,3
2025-04-30,41,2669,4135,19
2025-04-30,42,2138,4631,5
2025-04-30,43,1591,1287,19
2025-04-30,44,5736,3729,12
2025-04-30,45,5370,5785,15
2025-04-30,46,4745,4760,6
2025-04-30,47,5473,4274,8
2025-04-30,48,4592,3780,5
2025-04-30,49,1949,4049,12
2025-04-30,50,3697,5182,7
2025-04-30,51,5899,4312,11
2025-04-30,52,3499,4451,12
2025-04-30,53,264,5036,14
2025-04-30,54,3404,3408,14
2025-04-30,55,5778,169,4
2025-04-30,56,202,2844,21
2025-04-30,57,3833,1981,23
2025-04-30,58,1599,3541,19
2025-04-30,59,3191,2895,23
2025-04-30,60,615,439,17
2025-04-30,61,4427,856,15
2025-04-30,62,4513,1767,12
2025-04-30,63,491,592,6
2025-04-30,64,3342,901,14
2025-04-30,65,3709,3716,12
2025-04-30,66,987,1764,8
2025-04-30,67,5404,4252,20
2025-04-30,68,3132,449,16
2025-04-30,69,5872,5838,2
2025-04-30,70,2596,420,2
2025-04-30,71,5159,5601,8
2025-04-30,72,2539,1705,15
2025-04-30,73,351,5198,0
2025-04-30,74,322,906,17
2025-04-30,75,341,2188,18
2025-04-30,76,4589,1970,23
2025-04-30,77,3496,5782,7
2025-04-30,78,2313,4486,4
2025-04-30,79,1079,3151,11
2025-04-30,80,743,3782,11
2025-04-30,81,2347,2081,17
2025-04-30,82,2310,3535,20
2025-04-30,83,2301,4620,4
2025-04-30,84,3530,5935,2
2025-04-30,85,5055,1166,4
2025-04-30,86,3966,4003,0
2025-04-30,87,1103,3441,11
2025-04-30,88,5631,2146,8
2025-04-30,89,3498,2480,17
2025-04-30,90,443,2184,20
2025-04-30,91,5028,3509,22
2025-04-30,92,4393,3211,17
2025-04-30,93,2195,2175,20
2025-04-30,94,4640,516,20
2025-04-30,95,2786,1328,3
2025-04-30,96,301,3945,4
2025-04-30,97,1064,3956,11
2025-04-30,98,695,1884,2
2025-04-30,99,3482,576,14
2025-04-30,100,5508,3323,1
2025-05-01,1,3536,1639,15
2025-05-01,2,2466,3443,1
2025-05-01,3,4719,2270,4
2025-05-01,4,293,5833,22
2025-05-01,5,5990,4694,20
2025-05-01,6,970,5706,9
2025-05-01,7,3314,1919,10
2025-05-01,8,2066,2400,18
2025-05-01,9,2678,4313,14
2025-05-01,10,3658,915,14
2025-05-01,11,2897,1227,5
2025-05-01,12,5808,3948,1
2025-05-01,13,3851,5348,0
2025-05-01,14,4438,5204,5
2025-05-01,15,3987,5804,11
2025-05-01,16,4741,3716,0
2025-05-01,17,192,418,23
2025-05-01,18,4192,663,16
2025-05-01,19,2652,3009,16
2025-05-01,20,3122,3451,14
2025-05-01,21,1485,2297,8
2025-05-01,22,1865,4791,23
2025-05-01,23,861,3882,1
2025-05-01,24,4800,821,7
2025-05-01,25,3084,3196,21
2025-05-01,26,5002,4969,23
2025-05-01,27,1330,5162,17
2025-05-01,28,1571,3870,10
2025-05-01,29,1099,861,23
2025-05-01,30,1995,4904,17
2025-05-01,31,2298,545,11
2025-05-01,32,2326,3031,21
2025-05-01,33,3210,556,8
2025-05-01,34,286,1982,13
2025-05-01,35,429,5308,11
2025-05-01,36,2651,1467,6
2025-05-01,37,2606,5509,6
2025-05-01,38,2129,4540,17
2025-05-01,39,3577,2045,8
2025-05-01,40,2149,235,5
2025-05-01,41,2959,1504,4
2025-05-01,42,423,2007,16
2025-05-01,43,5504,2143,13
2025-05-01,44,1244,915,22
2025-05-01,45,2313,3057,9
2025-05-01,46,4572,2213,17
2025-05-01,47,3082,585,20
2025-05-01,48,4286,3470,22
2025-05-01,49,4610,3815,3
2025-05-01,50,4862,2853,21
2025-05-01,51,1818,236,6
2025-05-01,52,1448,5835,19
2025-05-01,53,1777,2911,12
2025-05-01,54,3176,1622,14
2025-05-01,55,5175,4231,5
2025-05-01,56,5674,2863,3
2025-05-01,57,1533,3078,11
2025-05-01,58,2846,2052,23
2025-05-01,59,383,4780,2
2025-05-01,60,4336,4312,9
2025-05-01,61,5978,4563,2
2025-05-01,62,2617,5569,6
2025-05-01,63,5645,4124,22
2025-05-01,64,3817,4736,10
2025-05-01,65,4425,4281,5
2025-05-01,66,179,3757,23
2025-05-01,67,3057,591,2
2025-05-01,68,743,1042,5
2025-05-01,69,4562,1288,7
2025-05-01,70,4837,4014,11
2025-05-01,71,1229,3665,9
2025-05-01,72,5760,646,0
2025-05-01,73,5900,1308,13
2025-05-01,74,2365,288,1
2025-05-01,75,4699,2001,12
2025-05-01,76,3873,1815,2
2025-05-01,77,1623,2688,6
2025-05-01,78,4475,2986,20
2025-05-01,79,3927,1973,6
2025-05-01,80,5169,4463,14
2025-05-01,81,3404,708,6
2025-05-01,82,4726,202,21
2025-05-01,83,1948,1810,8
2025-05-01,84,331,5239,19
2025-05-01,85,2949,3540,16
2025-05-01,86,5018,5350,7
2025-05-01,87,960,3703,21
2025-05-01,88,2896,800,0
2025-05-01,89,2202,2143,18
2025-05-01,90,3158,2356,13
2025-05-01,91,1693,3775,2
2025-05-01,92,5654,4659,3
2025-05-01,93,2825,272,15
2025-05-01,94,5656,3029,14
2025-05-01,95,2981,4904,17
2025-05-01,96,5339,2039,15
2025-05-01,97,1307,4683,22
2025-05-01,98,5345,5667,14
2025-05-01,99,3296,2731,6
2025-05-01,100,4160,2307,2
2025-05-02,1,1702,3125,2
2025-05-02,2,582,271,0
2025-05-02,3,4180,5552,7
2025-05-02,4,2627,4378,8
2025-05-02,5,4930,3805,16
2025-05-02,6,5552,3259,20
2025-05-02,7,5570,4640,11
2025-05-02,8,1182,4583,13
2025-05-02,9,1992,198,2
2025-05-02,10,5805,5511,22
2025-05-02,11,379,4718,2
2025-05-02,12,5529,2284,23
2025-05-02,13,5004,4323,22
2025-05-02,14,4710,2212,20
2025-05-02,15,5527,4580,17
2025-05-02,16,4594,3939,22
2025-05-02,17,4274,3424,2
2025-05-02,18,2908,3643,21
2025-05-02,19,2141,2835,11
2025-05-02,20,2111,5550,8
2025-05-02,21,251,4277,12
2025-05-02,22,5725,2331,17
2025-05-02,23,2471,2492,12
2025-05-02,24,597,1788,5
2025-05-02,25,2325,2438,9
2025-05-02,26,217,2792,16
2025-05-02,27,1763,770,20
2025-05-02,28,5983,1829,21
2025-05-02,29,1554,3468,4
2025-05-02,30,3946,789,3
2025-05-02,31,1329,5423,1
2025-05-02,32,895,2987,20
2025-05-02,33,2382,5632,4
2025-05-02,34,3784,2350,6
2025-05-02,35,198,536,21
2025-05-02,36,5874,2710,3
2025-05-02,37,415,1979,18
2025-05-02,38,4355,2188,3
2025-05-02,39,3274,1028,11
2025-05-02,40,5454,3659,22
2025-05-02,41,1605,4094,11
2025-05-02,42,3452,4053,0
2025-05-02,43,899,2377,4
2025-05-02,44,472,3272,9
2025-05-02,45,4639,3988,13
2025-05-02,46,4339,3359,5
2025-05-02,47,275,2403,11
2025-05-02,48,1932,783,2
2025-05-02,49,481,1380,20
2025-05-02,50,3976,2152,18
2025-05-02,51,3299,399,12
2025-05-02,52,729,4569,23
2025-05-02,53,1719,3798,3
2025-05-02,54,3726,1086,22
2025-05-02,55,5131,3099,7
2025-05-02,56,2182,278,15
2025-05-02,57,2765,1395,20
2025-05-02,58,2655,4863,19
2025-05-02,59,5361,1737,9
2025-05-02,60,5127,3999,14
2025-05-02,61,1067,1977,17
2025-05-02,62,2724,5248,1
2025-05-02,63,3975,4316,20
2025-05-02,64,5409,942,4
2025-05-02,65,3295,2405,8
2025-05-02,66,4783,5241,5
2025-05-02,67,250,5123,23
2025-05-02,68,5502,4405,9
2025-05-02,69,5179,4479,20
2025-05-02,70,4134,3295,0
2025-05-02,71,866,2706,18
2025-05-02,72,747,1694,14
2025-05-02,73,1535,923,3
2025-05-02,74,3353,5518,16
2025-05-02,75,342,2264,14
2025-05-02,76,5554,2481,17
2025-05-02,77,3024,1953,8
2025-05-02,78,1697,5139,9
2025-05-02,79,4092,2026,0
2025-05-02,80,3769,3656,2
2025-05-02,81,4072,282,2
2025-05-02,82,2165,3575,15
2025-05-02,83,3508,3263,17
2025-05-02,84,3320,1877,1
2025-05-02,85,4035,1547,18
2025-05-02,86,463,1580,17
2025-05-02,87,2297,4235,8
2025-05-02,88,1786,3456,7
2025-05-02,89,2822,390,19
2025-05-02,90,4309,3976,13
2025-05-02,91,1001,1890,13
2025-05-02,92,4630,5681,13
2025-05-02,93,1928,552,22
2025-05-02,94,5803,1268,9
2025-05-02,95,3855,862,8
2025-05-02,96,5922,5498,11
2025-05-02,97,4674,1317,16
2025-05-02,98,5304,5106,7
2025-05-02,99,584,1317,20
2025-05-02,100,3995,2518,17
